RespondentID,Consent,Age,Gender,Education,Single,Dating1,Dating2,Married,Divorced,Widowed,Cohabiting,Engaged,Household,Ethnicity,EthnicityOther,Language,LanguageOther,EnglishFluency,Income,IncomeOther,Height,HeightMetres,Weight,WeightKilos,BMI,BIAAQ1,BIAAQ2,BIAAQ3,BIAAQ4,BIAAQ5,BIAAQ6,BIAAQ7,BIAAQ8,BIAAQ9,BIAAQ10,BIAAQ11,BIAAQ12
4187140110,1,57,1,4,,,,,1,,,,2,4,,1,,7,12,,5 feet 3 inches,1.6,110,49.9,19.49,1,1,1,1,1,1,1,1,1,1,1,1
4187142156,1,53,1,3,,,,,1,,,,4,3,,1,,7,3,,5'5,1.65,180,81.65,29.95,6,3,3,5,5,4,4,3,5,5,3,5
4187142488,1,55,1,2,,,,1,,,,,3,0,white,1,,7,1,,5'2'',1.57,190,86.18,34.75,3,3,1,2,7,4,1,7,4,4,1,3
4187142979,1,50,1,3,,,,1,,,,,2,4,,1,,7,7,,5 4,1.63,140,63.5,24.03,5,4,2,4,5,2,4,4,5,5,5,5
4187143434,1,46,1,4,,,,1,,,,,5,0,caucasian,1,,7,3,,5'2,1.57,260,117.93,47.55,4,3,2,5,1,4,7,5,4,1,2,1
4187143930,1,27,1,6,1,,,,,,,,1,4,,1,,7,4,,5 ft 6 in,1.68,154,69.85,24.86,1,6,1,1,1,1,1,1,1,1,1,1
4187144466,1,59,1,4,,,,,,1,,,6,1,,1,,7,3,,5 ft 6 inches,1.68,195,88.45,31.47,1,1,1,2,2,2,2,1,1,1,1,1
4187144604,1,37,1,2,1,,,,,,,,2,0,white,1,,7,1,,5,1.52,320,145.15,62.5,4,4,4,4,4,4,4,4,5,5,5,5
4187144814,1,40,1,3,,,,1,,,,,3,5,,0,filipino,7,7,,5'2,1.57,124,56.25,22.68,7,7,7,7,7,7,7,7,7,7,4,4
4187146608,1,32,1,6,,,,1,,,,,6,0,wehite,1,,6,8,,5.2,1.57,130,58.97,23.78,5,4,5,4,5,5,5,4,5,5,5,4
4187146693,1,65,1,4,,,,1,,,,,2,3,,1,,7,10,,5 ft 6 in,1.68,132,59.87,21.31,1,1,1,1,1,1,1,1,1,1,1,1
4187147225,1,39,1,4,,,,1,,,,,4,0,australian,1,,7,11,,5 9,1.75,135,61.23,19.94,1,1,1,1,1,1,1,1,1,1,1,1
4187149032,1,61,1,5,,,,1,,,,,2,0,white,1,,7,5,,5 6,1.68,225,102.06,36.32,1,1,1,1,1,1,1,1,1,1,1,1
4187149453,1,25,1,2,,,,1,,,,,3,3,,1,,7,5,,5 feet 2 inches,1.57,140,63.5,25.61,3,3,4,3,1,5,1,3,1,3,2,4
4187149646,1,29,1,2,,,,,,,1,,2,4,,1,,7,6,,5'7'',1.7,325,147.42,50.9,5,4,4,5,4,3,4,4,5,5,4,6
4187149927,1,49,1,3,,,,1,,,,,3,4,,1,,7,4,,"5"""" 4",1.63,373,169.19,64.02,1,5,1,5,1,1,5,1,5,1,1,1
4187150220,1,24,1,4,,,,1,,,,,2,5,,1,,6,4,,5,1.52,115,52.16,22.46,1,2,1,1,1,1,1,7,2,1,2,1
4187151118,1,25,1,4,,,1,,,,,,4,4,,1,,7,11,,5 feet 6 iches,1.68,145,65.77,23.4,4,5,3,4,5,5,4,5,7,5,4,5
4187151202,1,43,1,6,,,,,1,,,,1,4,,1,,5,1,,5'7,1.7,167,75.75,26.16,4,4,3,4,3,3,3,4,5,3,3,4
4187151203,1,34,1,4,,,,1,,,,,5,0,caucasian,1,,7,10,,5-Jan,1.55,149,67.59,28.15,2,2,2,2,2,2,2,2,2,2,2,2
4187151593,1,60,1,4,,,,1,,,,,2,3,,1,,7,6,,5.2,1.57,194,88,35.48,5,3,4,4,3,4,5,6,3,3,3,4
4187151713,1,31,1,4,,,,1,,,,,2,4,,1,,7,12,,"5' 1""""3/4",1.57,105,47.63,19.2,4,5,6,3,4,4,3,3,5,5,3,5
4187152149,1,55,1,3,,,,1,,,,,2,3,,1,,7,2,,5 ft 9in,1.75,120,54.43,17.72,1,1,1,1,1,1,1,1,1,1,1,1
4187152331,1,63,1,3,,,,1,,,,,2,4,,1,,7,11,,5'4,1.63,130,58.97,22.31,2,1,1,1,1,2,1,1,1,1,1,1
4187152648,1,43,1,3,,,,,,,1,1,2,3,,1,,7,5,,5 feet 4 inches,1.63,164,74.39,28.15,2,2,2,4,1,3,3,3,4,4,2,3
4187153485,1,56,1,5,1,,,,,,,,2,4,,1,,7,6,,6'0,1.83,248,112.49,33.63,4,4,4,1,3,6,1,1,2,3,2,2
4187153848,1,41,1,2,,,,1,,,,,4,6,,1,,7,3,,5'2,1.57,151,68.49,27.62,2,3,2,2,2,2,2,2,2,2,1,1
4187153990,1,36,1,4,,,,1,,,,,3,4,,1,,7,8,,5 foot 8 inches,1.73,195,88.45,29.65,3,5,5,4,4,5,4,5,5,5,4,5
4187154245,1,32,1,3,,,,1,,,,,6,4,,1,,7,3,,5'7,1.7,163,73.94,25.53,3,3,2,2,1,2,5,5,4,3,2,2
4187154285,1,45,1,3,,,,,,,1,,3,4,,1,,7,4,,5'2,1.57,125,56.7,22.86,1,1,1,1,1,1,1,1,1,1,1,1
4187154668,1,39,1,4,,,,1,,,,,4,0,American,1,,7,7,,5'3,1.6,165,74.84,29.23,2,2,2,2,1,2,2,2,2,2,2,2
4187155824,1,23,1,5,1,,,,,,,,1,4,,1,,7,6,,52,1.57,140,63.5,25.61,2,4,3,2,4,4,5,3,5,1,2,4
4187156296,1,21,1,3,1,,1,,,,,,4,0,American,1,,7,8,,5' 5,1.65,125,56.7,20.8,2,2,1,1,1,2,1,1,1,1,1,1
4187156724,1,59,1,3,,,,,1,,,,1,4,,1,,7,2,,4'11:,1.5,86,39.01,17.37,2,4,3,4,3,4,2,3,5,1,2,2
4187156946,1,35,1,6,,,,1,,,,,4,2,,0,spanish,6,8,,5.8,1.73,160,72.57,24.33,5,6,5,6,6,6,6,5,5,6,6,6
4187157063,1,36,1,1,,,,,,,,1,4,2,,1,,7,6,,5'11,1.8,192,87.09,26.78,3,4,4,3,1,1,4,1,1,1,1,1
4187157281,1,38,1,4,,,,1,,,,,6,0,White,1,,7,5,,5'9,1.75,180,81.65,26.58,5,5,5,4,4,4,5,4,4,5,4,5
4187158347,1,28,1,6,,,,1,,,,,2,1,,1,,7,6,,5'6,1.68,250,113.4,40.35,4,5,4,6,4,5,3,6,7,5,3,5
4187158690,1,48,1,4,,,1,,,,,,6,4,,1,,7,2,,5'5,1.65,135,61.23,22.46,6,6,5,6,5,3,6,5,6,6,5,7
4187159690,1,60,1,1,,,,,,1,,,4,1,,1,,7,6,,5'5,1.65,122,55.34,20.3,1,7,4,3,1,1,7,3,1,1,1,1
4187161377,1,61,1,2,,,,,,1,,,1,0,white,1,,7,4,,5 foot 9 inches,1.75,240,108.86,35.44,3,4,2,4,2,4,2,2,4,2,2,1
4187163496,1,39,1,3,,,,1,,,,,2,4,,1,,7,8,,5.1,1.55,150,68.04,28.34,4,4,5,4,4,4,4,5,4,5,5,3
4187163544,1,54,1,4,,,,1,,,,,2,3,,1,,6,12,,5'2,1.57,135,61.23,24.69,1,1,1,2,1,4,4,4,4,3,2,2
4187164511,1,63,1,2,,,,,,,,1,2,0,American,1,,7,6,,5'5,1.65,163,73.94,27.12,2,2,2,2,2,4,4,4,3,3,3,3
4187165113,1,62,1,2,,,,,,,1,,2,3,,1,,7,3,,"5""""7",1.7,156,70.76,24.43,2,4,3,2,1,5,1,1,2,4,2,4
4187166030,1,49,1,4,1,,,,,,,,2,0,"American,",1,,6,3,,5'0,1.52,166,75.3,32.42,2,4,1,3,2,5,5,4,6,4,2,3
4187166817,1,56,1,4,1,,,,,,,,2,3,,1,,7,9,,5' 7,1.7,213,96.62,33.36,6,4,7,3,1,5,3,5,6,5,2,7
4187167396,1,48,1,4,,,,1,,,,,4,0,American,1,,7,7,,5'2,1.57,153,69.4,27.98,2,4,1,4,2,5,4,4,7,2,2,4
4187167433,1,64,1,4,1,,,,,,,,1,3,,1,,7,2,,5' 6,1.68,182,82.55,29.38,3,3,3,4,3,6,3,3,3,3,3,3
4187169630,1,63,1,2,,,,1,,,,,2,0,white,1,,7,6,,5'7,1.7,135,61.23,21.14,1,1,1,1,1,1,2,1,1,1,1,1
4187170202,1,35,1,4,,,1,,,,,,2,2,,1,,6,2,,5'9,1.75,205,92.99,30.27,6,6,6,6,6,2,6,6,6,6,6,6
4187171095,1,32,1,4,,,,1,,,,,8,4,,1,,7,10,,5'3,1.6,123,55.79,21.79,1,1,2,1,1,2,1,1,1,1,1,1
4187171126,1,31,1,6,,,,1,,,,,2,4,,1,,5,8,,5'8,1.73,160,72.57,24.33,1,2,2,2,3,4,3,3,3,3,3,3
4187172128,1,37,1,3,,,,1,,,,,3,4,,1,,7,2,,5feet,1.52,125,56.7,24.41,1,2,1,1,1,3,1,1,1,1,1,1
4187172168,1,35,1,2,,,,1,,,,,5,2,,1,,7,4,,5'5,1.65,200,90.72,33.28,5,5,5,5,5,5,5,5,5,5,5,5
4187175456,1,30,1,3,1,,,,,,,,5,0,White,1,,7,3,,4'8,1.42,95,43.09,21.3,4,2,1,3,1,2,2,1,1,3,1,2
4187175873,1,38,1,4,1,,,,,,,,4,4,,1,,7,5,,65,1.96,142,64.41,16.84,4,3,4,3,4,4,3,3,3,4,5,4
4187176100,1,35,1,3,,,,,1,,,,3,4,,1,,7,5,,5 feet 4 inches,1.63,220,99.79,37.76,5,5,5,5,5,4,4,4,4,4,4,4
4187176514,1,30,1,5,1,,,,,,,,1,2,,1,,7,6,,5'8,1.73,140,63.5,21.29,2,2,2,1,1,3,1,1,1,1,1,1
4187179314,1,19,1,2,1,,,,,,,,3,0,Pacific Is,1,,7,10,,5 feet 5 inches,1.65,210,95.25,34.95,6,7,4,4,3,3,2,4,4,3,2,3
4187182635,1,35,1,4,,,,,,,1,1,7,0,Caucasian,1,,7,7,,5'1,1.55,147,66.68,27.78,5,5,3,5,4,6,5,7,4,4,4,5
4187184072,1,30,1,6,,,,1,,,,,6,5,,1,,7,8,,5'4,1.63,65,29.48,11.16,5,7,3,5,3,5,6,6,1,1,3,6
4187184330,1,44,1,4,,,,,,,1,,2,4,,1,,7,4,,5'4,1.63,114,51.71,19.57,5,6,6,5,7,7,5,7,7,7,7,1
4187185178,1,39,1,5,,,,,1,,,,5,0,white,1,,7,3,,5 foot 9 inches,1.75,289,131.09,42.68,4,4,5,4,4,4,3,4,3,3,3,4
4187186702,1,48,1,3,,,,,,1,,,1,3,,1,,7,4,,"5""""2",1.57,185,83.91,33.84,4,4,4,4,4,4,4,4,4,4,4,4
4187187422,1,35,1,6,,,,1,,,,,3,4,,1,,7,9,,5'1,1.55,113,51.26,21.35,1,1,1,1,1,1,1,1,1,1,1,1
4187187754,1,18,1,1,1,,,,,,,,4,1,,1,,7,1,,5'4,1.63,256,116.12,43.94,7,7,7,7,7,7,7,7,7,7,7,7
4187188481,1,31,1,3,1,,,,1,,,,3,0,Caucasian,1,,7,3,,5'8,1.73,160,72.57,24.33,1,2,1,1,1,1,1,1,1,1,1,1
4187189243,1,34,1,6,,,,,1,,,,1,3,,1,,7,6,,5'1,1.55,150,68.04,28.34,5,4,4,3,6,3,4,5,3,5,6,6
4187190725,1,27,1,3,1,,,,,,,,4,3,,1,,7,4,,53,1.6,200,90.72,35.43,6,5,4,3,2,2,3,4,4,5,5,5
4187191775,1,34,1,6,,,,1,,,,,5,4,,1,,7,11,,5'6,1.68,160,72.57,25.82,2,4,3,2,4,5,2,2,3,4,2,2
4187191877,1,31,1,4,,,,1,,,,,4,4,,1,,7,12,,5-Jun,1.68,130,58.97,20.98,2,3,2,2,2,4,3,4,4,2,2,4
4187191899,1,54,1,6,,,,1,,,,,4,4,,1,,7,12,,65,1.96,125,56.7,14.82,3,6,4,4,4,4,4,4,4,4,4,3
4187192583,1,27,1,6,,,,1,,,,,2,7,,1,,6,11,,5'3,1.6,160,72.57,28.34,4,4,5,5,5,3,4,4,5,5,5,5
4187195237,1,18,1,4,,,1,,,,,,4,4,,1,,7,9,,5'6,1.68,130,58.97,20.98,4,7,4,4,4,5,4,5,4,4,4,3
4187199757,1,43,1,4,,,,,1,,,,3,1,,1,,7,10,,5'2,1.57,184,83.46,33.65,6,4,6,6,3,6,4,4,4,5,3,4
4187200483,1,49,1,3,,,1,,,,,,4,0,White,1,,7,4,,5'9,1.75,200,90.72,29.53,1,4,4,4,4,4,4,4,4,4,4,4
4187200801,1,53,1,3,,,,1,,,,,4,0,Caucasian,1,,7,6,,5' 7,1.7,145,65.77,22.71,4,4,2,3,3,5,3,2,4,4,3,4
4187202510,1,52,1,2,1,,,,,,,,1,4,,1,,7,2,,62,1.88,150,68.04,19.26,4,5,4,1,3,4,1,1,1,6,3,3
4187203060,1,34,1,3,1,,,,,,,,2,3,,1,,7,2,,5 9,1.75,260,117.93,38.39,3,3,3,3,3,3,3,3,5,3,3,3
4187203232,1,48,1,4,,,,,1,,,,2,0,American I,1,,7,4,,63,1.91,175,79.38,21.87,5,5,5,5,4,6,5,5,4,4,4,4
4187205186,1,54,1,2,,,,,,1,,,1,6,,1,,6,1,,5'0,1.52,130,58.97,25.39,1,1,1,1,1,1,1,7,2,1,1,7
4187207988,1,32,1,4,1,,,,,,,,1,4,,1,,7,4,,5 feet 6 inches,1.68,130,58.97,20.98,1,4,3,5,1,2,1,6,4,1,1,1
4187211944,1,49,1,4,,,,1,,,,,2,5,,1,,7,7,,5'0,1.52,110,49.9,21.48,4,4,2,1,2,2,2,2,2,4,2,5
4187213387,1,44,1,6,,,,1,,,,,2,4,,1,,7,10,,60,1.83,123,55.79,16.68,1,1,1,1,1,1,1,1,1,1,1,1
4187214177,1,27,1,6,,,,1,,,,,2,7,,0,Hindi,4,10,,5'3,1.6,58kg,58,22.65,3,4,4,4,2,2,3,2,1,1,1,1
4187215084,1,25,1,4,,,,1,,,,,2,3,,1,,7,10,,5'3,1.6,110,49.9,19.49,3,5,4,2,2,4,2,5,4,3,3,4
4187216093,1,24,1,4,1,,,,,,1,,3,4,,1,,7,3,,5'9,1.75,155,70.31,22.89,1,2,1,4,1,6,1,1,1,1,1,1
4187216225,1,45,1,4,1,,,,,,,,1,4,,1,,7,11,,5'6,1.68,135,61.23,21.79,2,2,2,2,1,1,1,3,4,1,1,2
4187216462,1,35,1,3,,,,,,,1,,2,2,,0,Spanish,4,3,,5',1.52,132,59.87,25.78,5,5,6,7,4,1,4,5,5,6,5,7
4187217817,1,42,1,2,1,,,,1,,,,2,0,White,1,,7,9,,5 4,1.63,130,58.97,22.31,2,4,1,1,1,5,1,3,1,1,1,2
4187218252,1,51,1,2,,,,1,,,,,2,4,,1,,7,5,,5 feet 5 inches,1.65,155,70.31,25.79,1,4,1,1,5,1,1,2,4,1,1,1
4187218352,1,32,1,6,,,,1,,,,,4,5,,1,,7,12,,5'2,1.57,112,50.8,20.48,1,7,1,7,1,4,7,1,4,1,1,1
4187219378,1,26,1,3,,,1,,,,,,7,2,,1,,6,6,,5'3,1.6,217,98.43,38.44,6,6,6,6,6,2,5,4,6,6,6,7
4187220310,1,23,1,3,1,,,,,,,,3,3,,1,,7,1,,5'6,1.68,120,54.43,19.37,3,4,5,7,6,4,3,4,5,3,6,5
4187222075,1,52,1,2,,,,1,,,,,4,2,,1,,7,7,,5'2,1.57,155,70.31,28.35,4,5,6,6,1,2,7,4,7,4,5,7
4187224071,1,30,1,6,1,,,,,,,,2,2,,1,,6,12,,5'7,1.7,120,54.43,18.79,2,5,5,6,4,5,3,4,4,5,5,4
4187225608,1,27,1,6,1,,,,,,,,1,5,,1,,7,1,,5'4,1.63,140,63.5,24.03,1,1,1,2,1,1,5,2,1,1,1,1
4187226823,1,45,1,5,,,,1,,,,,3,4,,1,,7,8,,5,1.52,150,68.04,29.29,3,4,4,3,3,4,4,4,3,2,2,1
4187228035,1,18,1,2,,,1,,,,,,3,0,white/cauc,1,,7,12,,5'4,1.63,135,61.23,23.17,6,7,6,7,6,5,7,7,7,6,6,7
4187230480,1,43,1,4,,,,1,,,,,2,4,,1,,7,6,,5 Ft 4 In,1.63,160,72.57,27.46,4,4,2,5,5,4,4,4,5,2,2,1
4187231910,1,52,1,2,,,,1,,,,,4,3,,1,,7,8,,5 8,1.73,170,77.11,25.85,5,5,5,5,5,5,4,4,5,5,5,5
4187232032,1,54,1,2,,,,1,,,,,4,6,,1,,7,9,,4'11,1.5,190,86.18,38.37,7,7,7,7,5,6,7,7,7,6,6,7
4187234799,1,47,1,3,1,,,,,,,,2,1,,1,,7,5,,5' 2,1.57,145,65.77,26.52,2,2,1,2,2,5,2,1,3,1,1,1
4187239339,1,37,1,2,,,,1,,,,,3,4,,1,,7,1,,5ft 6in,1.68,145,65.77,23.4,2,2,1,1,1,6,1,4,1,2,1,2
4187240867,1,24,1,4,,,,,,,1,,4,0,"Hispanic,",1,,7,4,,5' 6,1.68,180,81.65,29.05,4,5,6,5,3,4,4,5,4,5,4,4
4187241453,1,39,1,4,,,,1,,,,,4,0,Caucasian,1,,7,6,,5'4,1.63,145,65.77,24.89,3,2,1,1,1,3,1,1,2,2,1,2
4187241493,1,55,1,2,,,,,1,,,,2,6,,1,,7,1,,5-Jun,1.68,190,86.18,30.67,2,4,1,1,1,1,1,1,1,1,1,1
4187246755,1,63,1,4,,,,1,,,,,2,4,,1,,7,6,,5'8,1.73,145,65.77,22.05,2,2,1,1,1,2,2,4,2,2,1,1
4187248458,1,45,1,2,,,,1,,,,,4,4,,1,,7,5,,5ft 6in,1.68,193,87.54,31.15,5,4,3,4,3,4,3,3,4,4,2,5
4187248834,1,29,1,3,,,1,,,,1,,3,4,,1,,7,7,,5 feet 4 inches,1.63,190,86.18,32.61,2,3,1,3,2,4,1,2,4,2,1,1
4187248869,1,28,1,4,,,,1,,,,,8,3,,1,,7,4,,5 feet 2 inches,1.57,150,68.04,27.44,4,4,3,5,5,4,5,5,4,6,5,6
4187249663,1,38,1,4,1,,,,,,,,4,4,,1,,7,10,,5'7,1.7,215,97.52,33.67,4,4,4,4,3,3,3,4,4,4,3,5
4187250420,1,55,1,3,,,,,,1,,,2,4,,1,,7,6,,5 ft 5,1.65,120,54.43,19.97,5,3,5,7,5,4,6,5,7,6,4,2
4187250709,1,55,1,4,,,,1,,,,,2,6,,1,,7,5,,5 6,1.68,183,83.01,29.54,4,2,3,1,1,2,1,4,4,4,1,1
4187251496,1,49,1,3,,,,1,,,,,6,1,,1,,7,5,,5 7,1.7,119,53.98,18.64,3,5,2,6,2,4,5,2,5,3,2,3
4187253014,1,60,1,2,,,,1,,,,,4,4,,1,,7,3,,5'1,1.55,RATHER NOT SAY,0,,4,3,3,3,2,4,3,4,3,2,2,2
4187254032,1,23,1,4,,,1,,,,,,4,4,,1,,7,5,,5 feet 7 inches,1.7,176,79.83,27.57,1,3,1,2,1,4,3,4,2,1,1,2
4187254226,1,49,1,3,,,,1,,,,,3,4,,1,,7,12,,5 feet 4 inches,1.63,193,87.54,33.13,2,2,2,2,2,5,2,2,4,3,1,2
4187254965,1,52,1,2,,,,1,,,,,2,4,,1,,6,0,decline,5-Mar,1.6,220,99.79,38.97,1,1,1,1,1,3,1,1,1,1,1,1
4187254969,1,60,1,6,,,,,,1,,,1,3,,1,,7,7,,5 feet 8 inches,1.73,210,95.25,31.93,3,4,2,3,3,3,4,4,3,4,2,2
4187255839,1,61,1,4,,,,,1,,,,5,0,caucasian,1,,7,3,,5ft 5in,1.65,180 lbs,81.65,29.95,6,6,6,5,6,6,6,6,6,7,6,7
4187255920,1,27,1,3,,,,1,,,,,3,4,,1,,7,3,,5ft 5in,1.65,140,63.5,23.3,3,4,5,4,3,4,5,4,4,3,3,4
4187257955,1,50,1,2,,,,1,,,,,3,0,white,1,,7,6,,5.5,1.65,125,56.7,20.8,5,4,5,5,5,5,5,4,5,5,4,4
4187258416,1,47,1,2,,,,1,,,,,2,0,white,1,,7,2,,5 feet 8 inches,1.73,285,129.27,43.33,5,4,3,3,3,3,3,3,3,4,4,5
4187260836,1,51,1,2,,,,1,,,,,4,0,white,1,,7,2,,5 feet 3 inches,1.6,177,80.29,31.35,5,5,3,3,2,4,4,4,4,4,4,4
4187261031,1,38,1,6,,,,1,,,,,4,4,,1,,7,11,,5'8,1.73,140,63.5,21.29,4,6,5,4,5,4,3,5,3,4,3,5
4187261952,1,26,1,2,,,,,,,,1,5,1,,1,,7,1,,5'2,1.57,180,81.65,32.92,2,2,2,1,1,1,1,3,1,1,1,1
4187262004,1,27,1,2,,,,1,,,,,4,0,white,1,,7,2,,5 2,1.57,148,67.13,27.07,5,5,5,5,5,5,5,5,5,5,5,5
4187262173,1,36,1,3,,,,1,,,,,5,0,white,1,,7,3,,64,1.93,267,121.11,32.5,4,4,5,7,4,2,4,5,4,6,5,7
4187262387,1,54,1,2,,,,,,1,,,2,6,,1,,7,7,,5'6,1.68,165,74.84,26.63,1,2,1,4,3,1,4,4,2,1,1,1
4187263568,1,60,1,2,1,,,,,,,,4,1,,1,,7,1,,5'4,1.63,200,90.72,34.33,4,5,4,3,3,4,3,2,5,3,3,4
4187265611,1,22,1,3,,,,,,,1,,3,0,White puer,1,,7,1,,52,1.57,167,75.75,30.54,1,1,1,1,2,1,1,1,2,2,1,1
4187266254,1,25,1,3,,,,,,,,1,6,0,Mexican an,1,,7,4,,5' 4,1.63,180,81.65,30.9,6,6,6,4,4,7,4,6,4,6,6,7
4187266580,1,36,1,3,1,,,,,,,,1,2,,1,,7,1,,???,0,???,0,,2,3,4,3,1,5,2,2,1,2,2,2
4187266939,1,21,1,3,,,1,,,,,,8,6,,1,,7,11,,5'2,1.57,140,63.5,25.61,4,5,5,5,5,5,5,5,5,5,5,5
4187267592,1,38,1,4,,,,1,,,,,5,0,French-Can,1,,7,9,,5' 8,1.73,168,76.2,25.54,1,3,1,1,1,4,3,1,1,1,1,2
4187268977,1,41,1,2,,,1,,,,,,1,2,,1,,7,1,,5 feet 5 inches,1.65,155,70.31,25.79,7,7,7,7,7,2,7,7,7,7,7,7
4187271441,1,41,1,6,,,,1,,,,,4,3,,1,,6,8,,"5 """"2",1.57,115,52.16,21.03,3,3,5,6,5,4,4,3,3,5,4,4
4187274069,1,35,1,6,,,1,,,,,,1,3,,1,,7,10,,66,1.98,130,58.97,15.02,4,3,4,2,3,4,4,4,5,4,3,3
4187274125,1,52,1,3,,,,1,,,,,3,4,,1,,7,8,,5' 04,1.63,180,81.65,30.9,3,3,1,2,3,4,2,4,1,1,1,1
4187275389,1,53,1,4,,,,,1,,,,4,3,,1,,7,5,,52,1.57,112,50.8,20.48,5,4,4,5,5,5,4,5,5,6,5,4
4187275521,1,30,1,2,,,,,1,,,,3,0,white,1,,4,1,,5 1,1.55,150,68.04,28.34,4,4,4,4,4,4,4,4,4,4,4,4
4187275987,1,63,1,3,,,,1,,,,,2,4,,1,,7,8,,5'6,1.68,190,86.18,30.67,3,4,1,3,2,6,2,4,4,2,3,3
4187276803,1,31,1,4,,,,,,,1,,5,0,White,1,,7,7,,5'1,1.55,135,61.23,25.51,3,5,4,4,4,3,3,3,3,4,3,5
4187276963,1,53,1,4,,,,,1,,,,1,0,German,1,,7,7,,5 feet 3 inches,1.6,295,133.81,52.26,5,6,4,7,5,4,5,7,7,7,4,5
4187277644,1,30,1,2,1,,,,,,,,5,4,,1,,7,3,,5'7,1.7,155,70.31,24.28,5,4,7,4,7,7,4,7,4,4,3,7
4187279367,1,47,1,4,,,,,1,,,,4,4,,1,,7,5,,5.2,1.57,155,70.31,28.35,4,4,3,2,4,5,3,4,7,5,2,6
4187279572,1,62,1,2,,,,1,,,,,2,6,,1,,7,4,,5' 2,1.57,117,53.07,21.4,5,5,6,6,5,5,5,5,6,6,6,4
4187279850,1,29,1,4,,,,,,,1,,3,1,,1,,7,4,,5'2,1.57,164,74.39,30,3,4,5,5,4,3,3,3,4,4,3,5
4187281242,1,51,1,6,,,,1,,,,,3,4,,1,,7,9,,5'7,1.7,180,81.65,28.19,4,4,4,4,3,4,4,4,4,3,3,3
4187282349,1,51,1,2,,,,,1,,,,1,0,white,1,,7,5,,5ft5in,1.65,150,68.04,24.96,3,5,4,6,4,3,6,6,6,5,5,4
4187282811,1,55,1,3,,,,1,1,1,,,2,0,Caucasion,1,,7,7,,5ft0in,1.52,248,112.49,48.43,2,1,1,2,1,3,2,2,1,1,1,2
4187283764,1,28,1,3,1,,,,,,,,3,4,,1,,7,1,,"5""""9",1.75,236,107.05,34.85,5,4,5,4,5,4,5,4,5,4,5,4
4187284623,1,56,1,3,,,,1,,,,,3,0,Caucasian,1,,6,9,,5'6,1.68,212,96.16,34.22,1,3,1,1,2,1,1,1,2,2,2,1
4187286612,1,64,1,6,,,,,1,,,,1,5,,1,,7,6,,5'2,1.57,145,65.77,26.52,4,3,5,4,5,3,3,4,5,5,4,5
4187287200,1,18,1,1,,,1,,,,,,3,4,,1,,7,7,,5'2,1.57,125,56.7,22.86,6,7,7,7,6,7,7,7,6,7,4,7
4187287722,1,56,1,3,,,,,,,1,,2,4,,1,,7,5,,5'8,1.73,170,77.11,25.85,3,4,1,4,3,2,3,3,4,4,3,4
4187288737,1,39,1,4,,,,1,,,,,4,2,,1,,7,11,,4'11,1.5,134,60.78,27.06,2,4,3,2,2,4,4,2,2,2,2,1
4187289383,1,56,1,4,,,,,1,,,,3,2,,1,,7,2,,5'4,1.63,135,61.23,23.17,1,3,1,2,1,6,1,6,3,1,1,1
4187289570,1,38,1,3,,,,1,,,,,3,4,,1,,7,3,,5 ft 9 in,1.75,236,107.05,34.85,4,4,3,4,4,5,5,5,5,4,4,4
4187290433,1,61,1,4,,,,1,,,,,2,4,,1,,7,11,,5' 4,1.63,150,68.04,25.75,1,4,2,1,1,2,1,1,2,1,1,1
4187291955,1,54,1,6,,,,1,,,,,3,3,,1,,7,9,,5.5,1.65,135,61.23,22.46,2,3,3,3,2,3,3,3,4,2,3,2
4187293269,1,31,1,2,,,,1,,,,,5,4,,1,,7,6,,5 5,1.65,145,65.77,24.13,4,5,5,4,4,2,2,4,5,2,3,4
4187293514,1,65,1,6,,,,1,,,,,2,4,,1,,7,10,,5feet 6 inches,1.68,198,89.81,31.96,2,2,2,2,2,2,2,2,2,2,1,1
4187294292,1,65,1,3,,,,1,,,,,2,4,,1,,7,6,,5,1.52,115,52.16,22.46,1,2,1,2,2,1,1,1,1,1,1,1
4187294343,1,49,1,3,,,,,,,1,,2,4,,1,,7,4,,5 6,1.68,142,64.41,22.92,3,3,2,4,2,4,4,4,4,3,3,3
4187295035,1,37,1,3,,,,,,,1,,2,0,caucasion,1,,7,8,,5'6,1.68,315,142.88,50.84,7,7,7,5,1,4,5,7,5,5,7,7
4187295545,1,52,1,2,,,,,1,,,,1,4,,1,,5,1,,5'6,1.68,125,56.7,20.18,1,1,1,1,1,1,1,1,1,1,1,1
4187296245,1,21,1,2,1,,,,,,,,2,2,,1,,7,1,,4 ft 10,1.47,115,52.16,24.03,1,1,1,1,1,1,1,1,1,1,1,1
4187296841,1,57,1,2,,,,1,,,,,4,1,,1,,7,4,,5-Jul,1.7,175,79.38,27.41,1,6,1,6,3,1,7,3,7,7,1,1
4187299942,1,50,1,4,,,,1,,,,,4,4,,1,,7,12,,5'0,1.52,205,92.99,40.04,4,3,5,4,3,3,2,3,3,4,2,5
4187300237,1,41,1,6,,,,1,,,,,4,3,,1,,7,10,,5'8,1.73,180,81.65,27.37,4,5,4,3,3,5,3,5,5,4,2,4
4187301147,1,34,1,3,1,,,,,,,,2,4,,1,,7,4,,5'8,1.73,150,68.04,22.81,3,4,4,3,4,4,5,5,4,5,5,5
4187306630,1,28,1,3,1,,,,,,,,3,0,I'm mixed,1,,7,3,,5.7,1.7,155,70.31,24.28,4,4,4,2,3,5,1,4,1,1,1,2
4187307537,1,45,1,3,,,,1,,,,,4,2,,1,,7,6,,5 5,1.65,210,95.25,34.95,2,2,3,5,6,5,6,3,4,1,2,1
4187308013,1,25,1,1,1,,,,,,,,1,2,,1,,7,2,,5,1.52,160,72.57,31.25,5,7,4,6,4,7,7,3,3,3,2,7
4187308612,1,31,1,4,,,,1,,,,,3,2,,1,,7,6,,5'1,1.55,120,54.43,22.67,6,6,2,4,6,5,4,4,2,3,4,3
4187308801,1,29,1,3,,1,,,,,,,4,4,,1,,7,3,,"5"""" 8",1.73,150,68.04,22.81,2,2,2,4,2,5,4,4,4,4,3,3
4187309092,1,21,1,3,,1,,,,,,,3,4,,1,,7,10,,5 feet 5 inches,1.65,150,68.04,24.96,6,7,6,7,6,4,5,6,7,7,7,7
4187309633,1,29,1,3,,,,1,,,,,4,3,,1,,7,8,,5 feet 3 inches,1.6,196,88.9,34.72,4,5,3,5,5,2,5,6,6,6,5,6
4187310006,1,25,1,4,1,,,,,,,,1,0,african/na,1,,7,4,,5'6,1.68,230,104.33,37.12,2,4,3,3,3,4,3,4,3,2,2,2
4187310295,1,29,1,5,,,,1,,,,,3,4,,1,,7,5,,5 feet 9 inches,1.75,180,81.65,26.58,3,4,4,3,3,3,3,3,4,3,2,3
4198417289,1,56,1,2,,,,,,1,,,1,4,,1,,7,5,,5 ft 6 in,1.68,155,70.31,25.02,3,4,4,5,3,4,6,4,4,4,3,6
4198417326,1,22,1,4,1,,,,,,,,2,4,,1,,7,3,,5'9,1.75,130,58.97,19.2,3,3,3,2,2,4,3,4,2,3,4,3
4198422060,1,51,1,6,,,,1,,,,,4,2,,1,,7,8,,5'7,1.7,120,54.43,18.79,3,4,3,4,4,4,3,5,3,2,1,2
4198422409,1,18,1,3,1,,,,,,,,4,0,White,1,,7,3,,5 ft. 4 in.,1.63,126,57.15,21.63,2,1,1,1,1,1,1,1,1,1,1,1
4198423480,1,50,1,3,,,,,,,1,,2,3,,1,,7,2,,5 6,1.68,178,80.74,28.73,3,4,2,1,1,3,1,2,5,4,3,5
4198425678,1,46,1,6,,,,,1,,,,1,4,,1,,7,4,,5'7,1.7,208,94.35,32.58,4,4,4,4,4,4,4,4,4,4,4,5
4198425880,1,22,1,2,,,,1,,,,,4,4,,1,,7,3,,5'7,1.7,219,99.34,34.3,4,6,4,6,4,3,6,7,4,4,6,5
4198426420,1,38,1,3,1,,,,,,,,2,4,,1,,7,3,,5'9,1.75,245,111.13,36.18,4,4,4,3,4,4,3,5,4,4,3,4
4198427403,1,21,1,2,,,1,,,,1,,2,4,,1,,7,3,,5'5,1.65,160,72.57,26.63,4,4,5,4,5,4,3,5,3,4,4,5
4198430027,1,55,1,2,,,,1,,,,,5,3,,1,,7,2,,5'6,1.68,155,70.31,25.02,2,3,4,3,6,6,2,3,2,2,2,2
4198430973,1,30,1,4,,,,1,,,,,4,4,,1,,5,6,,5'3,1.6,108,48.99,19.13,2,2,1,1,3,1,1,2,1,2,1,1
4198432797,1,29,1,6,1,,,,,,,,3,0,black whit,1,,7,1,,5ft 10in,1.78,220,99.79,31.57,7,7,4,7,4,7,7,4,2,5,2,7
4198434076,1,19,1,3,1,,,,,,,,3,3,,1,,7,8,,5'4,1.63,120,54.43,20.6,2,2,2,3,2,4,4,4,2,4,2,3
4198434817,1,30,1,5,,,,,,,1,,4,2,,1,,7,3,,5' 0,1.52,130,58.97,25.39,3,4,3,3,2,2,3,3,2,2,2,1
4198435327,1,47,1,4,1,,,,,,,,1,1,,1,,7,5,,5'7,1.7,180,81.65,28.19,3,4,3,3,4,3,3,3,4,4,3,3
4198436381,1,50,1,4,,,,,1,,,,3,4,,1,,7,3,,5' 11'',1.8,145,65.77,20.22,2,6,1,1,1,4,4,4,5,5,3,4
4198436998,1,19,1,2,1,,,,,,,,3,1,,1,,7,1,,66,1.98,117,53.07,13.52,1,7,2,1,7,1,1,7,1,1,1,1
4198437508,1,22,1,4,,,1,,,,,,1,3,,1,,7,3,,5'3,1.6,130,58.97,23.03,6,5,3,6,6,5,5,3,7,5,4,7
4198437511,1,41,1,5,,,,1,,,,,2,4,,1,,7,5,,5'3,1.6,150,68.04,26.57,7,7,3,3,3,1,7,3,7,7,7,7
4198437564,1,60,1,3,,,,,,,,1,2,6,,1,,7,5,,5'5,1.65,128,58.06,21.3,5,5,2,1,5,4,1,4,1,1,1,4
4198438228,1,45,1,2,,,,,1,,,,3,0,White,1,,7,10,,5 1,1.55,122,55.34,23.05,3,2,3,3,2,4,4,4,4,2,2,4
4198438320,1,28,1,3,,,,,,,1,1,3,2,,1,,7,4,,5 feet 0 inches,1.52,152,68.95,29.69,1,3,2,5,2,4,6,4,4,2,2,1
4198438490,1,18,1,3,1,,,,,,,,5,2,,1,,4,1,,5.3,1.6,123,55.79,21.79,3,5,2,4,3,2,4,4,5,3,1,1
4198441137,1,54,1,2,,,,1,,,,,2,6,,1,,7,7,,5'8,1.73,195,88.45,29.65,3,4,3,4,2,4,3,4,2,4,2,3
4198441866,1,63,1,5,,,,1,,,,,2,0,American,1,,7,12,,5'9,1.75,142,64.41,20.97,1,1,1,1,1,1,1,3,1,1,1,2
4198441986,1,33,1,4,1,,,,,,,,4,0,Asian,1,,7,1,,4'11,1.5,80 lbs.,36.29,16.16,4,7,1,1,1,1,7,7,7,1,1,1
4198442218,1,30,1,4,,,,1,,,,,3,3,,1,,7,7,,5'6,1.68,225,102.06,36.32,3,1,4,3,3,3,3,2,1,1,1,4
4198442562,1,25,1,3,1,,,,,,,,2,4,,1,,7,4,,5'1,1.55,138,62.6,26.07,2,3,2,2,2,4,2,2,1,2,1,1
4198443482,1,37,1,4,,,,1,,,,,2,4,,1,,7,4,,5'10,1.78,250,113.4,35.87,3,4,3,5,3,6,1,4,3,5,3,2
4198451146,1,52,1,3,,,1,,,1,1,,2,4,,1,,7,6,,5'5,1.65,145,65.77,24.13,4,7,4,5,4,2,5,4,2,3,4,4
4198451246,1,34,1,4,,,,1,,,,,4,4,,1,,7,1,,5'7,1.7,115,52.16,18.01,4,4,4,5,4,3,4,5,3,1,3,5
4198451558,1,63,1,3,,,,,1,,,,1,0,caucasian,1,,7,2,,5'3,1.6,125,56.7,22.14,1,4,1,1,1,3,1,1,1,1,1,1
4198451756,1,25,1,5,,,1,,,,1,,5,4,,1,,6,11,,5'7,1.7,180,81.65,28.19,4,4,4,5,3,5,5,5,4,3,4,5
4198452417,1,26,1,5,1,,,,,,,,2,0,Middle Eas,1,,7,8,,5'0,1.52,107,48.53,20.9,2,4,3,2,2,4,1,4,6,4,3,4
4198452886,1,19,1,2,,,1,,,,,,3,4,,1,,7,6,,5'4,1.63,300,136.08,51.49,5,5,5,5,4,5,4,4,4,5,4,5
4198453557,1,38,1,2,,,,,1,,,,3,4,,1,,7,2,,5'5,1.65,165,74.84,27.46,3,4,3,2,2,4,4,4,3,3,3,2
4198453608,1,49,1,3,,,,,,1,,,2,2,,1,,7,2,,5 5,1.65,316,143.34,52.58,6,2,5,6,2,4,6,6,7,5,5,7
4198453768,1,33,1,2,1,,,,,,,,3,4,,1,,7,5,,4' 11'',1.5,85,38.56,17.17,1,2,1,2,2,2,2,2,2,2,4,2
4198454347,1,61,1,3,,,,,,,1,,2,2,,1,,7,9,,5 feet 6,1.68,152,68.95,24.53,2,4,2,2,2,3,2,2,3,2,2,2
4198455186,1,41,1,4,,,,1,,,,,4,4,,1,,7,5,,5 ft 5in,1.65,142,64.41,23.63,4,6,3,4,4,4,4,5,5,4,3,4
4198455855,1,28,1,3,1,,,,,,,,1,4,,1,,7,4,,5'5,1.65,170,77.11,28.29,4,4,4,5,5,5,3,5,4,3,4,3
4198456266,1,42,1,4,,,,1,,,,,4,5,,1,,7,10,,5 ' 6,1.68,141,63.96,22.76,4,7,3,4,4,5,5,6,7,5,6,4
4198456273,1,59,1,3,,,,1,,,,,2,6,,1,,7,6,,5'2,1.57,160,72.57,29.26,4,5,3,3,3,5,3,3,3,4,3,4
4198456490,1,51,1,2,,,,1,,,,,2,0,white,1,,7,2,,5'3,1.6,150,68.04,26.57,7,7,7,7,6,6,7,7,7,7,7,7
4198457352,1,45,1,2,,,,,,,1,,3,4,,1,,7,2,,5.5,1.65,140,63.5,23.3,4,3,4,1,3,2,2,3,1,3,2,5
4198459147,1,42,1,5,,,,1,,,,,5,4,,1,,7,10,,5'4,1.63,140,63.5,24.03,2,5,6,6,5,2,2,2,3,2,2,2
4198459975,1,41,1,3,,,,1,,,,,3,4,,1,,7,11,,5'3,1.6,125,56.7,22.14,1,2,1,1,2,4,1,3,1,1,2,2
4198460543,1,53,1,3,,,,1,,,,,2,4,,1,,7,4,,5 '7,1.7,200,90.72,31.32,4,5,1,2,1,4,2,4,4,4,2,4
4198461178,1,56,1,2,,,,,1,,,,4,4,,1,,7,4,,5'2,1.57,190,86.18,34.75,4,3,4,4,4,5,4,4,4,3,3,3
4198461525,1,50,1,3,,,,,1,,,,1,1,,1,,7,4,,5'7,1.7,170,77.11,26.63,4,6,2,5,5,5,7,7,5,3,3,1
4198463024,1,52,1,3,,,,1,,,,,3,4,,1,,6,7,,5 feet 7 inches.,1.7,155,70.31,24.28,3,3,3,3,2,3,3,3,5,3,2,2
4198464240,1,37,1,3,,,,1,,,,,4,4,,1,,7,7,,64,1.93,130,58.97,15.82,1,1,1,1,1,1,1,1,1,1,1,1
4198464262,1,24,1,2,1,,,,,,,,4,0,Hispanic,1,,7,5,,5 foot 2 inches,1.57,141,63.96,25.79,2,3,1,1,1,5,1,1,1,1,1,3
4198464675,1,22,1,3,1,,,,,,,,3,4,,1,,7,9,,5'3,1.6,175,79.38,31,6,7,5,5,4,5,5,6,6,7,4,6
4198466680,1,33,1,2,,,,,,,1,,4,0,white,1,,7,4,,5 feet 6 inches,1.68,157 pounds,71.21,25.34,1,4,2,4,1,1,4,2,2,4,1,6
4198468143,1,54,1,3,,,,,,1,,,1,4,,1,,7,1,,5'2,1.57,145,65.77,26.52,2,2,1,1,2,2,1,2,1,1,1,1
4198469461,1,55,1,6,1,,,,,,,,1,4,,1,,7,6,,5'6,1.68,130,58.97,20.98,1,1,2,1,1,2,1,1,1,1,1,2
4198469593,1,27,1,4,,,,1,,,,,4,2,,1,,7,5,,5ft 3in,1.6,250,113.4,44.29,4,4,3,3,3,4,3,4,3,4,3,2
4198469604,1,51,1,2,,,,,,,1,,2,0,white,1,,7,4,,5ft 8in,1.73,144,65.32,21.89,2,2,1,2,1,2,2,2,2,1,1,1
4198469752,1,26,1,2,,,,,,,,1,6,0,white,1,,7,4,,5'2,1.57,165,74.84,30.18,4,4,4,4,4,4,4,4,4,4,4,4
4198470516,1,63,1,3,,,,,1,,,,3,0,Scandanivi,1,,7,8,,5' 4,1.63,230,104.33,39.48,6,3,3,2,3,6,1,6,1,4,1,3
4198472153,1,63,1,2,,,,1,,,,,2,4,,1,,7,5,,5.3,1.6,125,56.7,22.14,1,2,1,1,1,1,1,1,1,1,1,1
4198474544,1,31,1,6,,,,1,,,,,2,2,,1,,7,5,,5' 4,1.63,160,72.57,27.46,1,2,2,4,1,5,2,2,1,1,1,1
4198475873,1,55,1,3,,,,1,,,,,3,4,,1,,7,5,,5'6,1.68,154,69.85,24.86,2,2,2,2,4,2,2,7,4,2,2,2
4198476941,1,19,1,3,1,,,,,,,,3,3,,1,,7,1,,6 0,1.83,175,79.38,23.73,5,5,3,5,4,6,4,6,4,5,3,5
4198476986,1,47,1,2,,,,1,,,,,5,0,white,1,,7,4,,55,1.65,182,82.55,30.29,4,5,4,4,3,5,5,5,4,5,5,5
4198478180,1,60,1,6,,,,,,,1,,2,5,,1,,7,4,,5'5,1.65,165,74.84,27.46,4,4,4,3,3,4,4,4,4,2,4,2
4198478333,1,41,1,2,,,,1,,,,,2,2,,1,,7,5,,5'3,1.6,180,81.65,31.89,6,4,5,3,4,4,2,5,2,3,4,2
4198478582,1,41,1,4,,,1,1,,,,,5,4,,1,,7,9,,5' 9,1.75,165,74.84,24.37,6,6,2,2,2,5,7,6,7,4,2,6
4198478835,1,26,1,4,,,,1,,,,,4,4,,1,,7,6,,5'4,1.63,172,78.02,29.52,5,5,4,3,5,4,3,4,3,4,3,5
4198479486,1,40,1,4,1,,,,,,,,1,4,,1,,7,2,,5 feet 6 inches,1.68,180,81.65,29.05,5,4,3,4,3,7,5,6,6,5,4,5
4198479657,1,30,1,4,,1,,,1,,,,2,4,,1,,7,3,,5 feet 9 inches,1.75,160,72.57,23.63,3,3,3,2,2,4,2,4,2,3,2,4
4198481089,1,52,1,4,,,,1,,,,,2,4,,1,,7,10,,5'2,1.57,123,55.79,22.5,1,4,1,1,4,1,1,1,6,1,1,1
4198481687,1,47,1,3,,,,1,,,,,2,3,,1,,7,10,,5 feet 7 inches   67,1.7,187,84.82,29.29,3,4,3,3,3,4,4,3,3,3,2,3
4198483368,1,57,1,4,,,,,,1,,,5,4,,1,,7,4,,5' 3,1.6,165,74.84,29.23,2,2,1,2,2,3,2,3,4,2,2,1
4198483442,1,50,1,2,,,,1,,,,,2,2,,1,,7,12,,5'2,1.57,165,74.84,30.18,7,3,2,7,3,7,3,7,7,3,5,4
4198483594,1,30,1,3,1,,,,,,,,5,1,,1,,7,5,,5'7,1.7,150,68.04,23.49,2,5,2,2,2,1,2,1,2,1,1,1
4198484580,1,38,1,3,1,,,,,,,,4,1,,1,,7,3,,"5""""3",1.6,160,72.57,28.34,2,3,1,2,2,2,2,3,2,2,3,4
4198484905,1,62,1,3,,,,1,,,,,2,4,,1,,7,5,,5'3,1.6,180,81.65,31.89,4,4,4,4,4,5,4,5,5,4,4,5
4198484962,1,29,1,3,,,,1,,,,,4,6,,1,,7,6,,5'6,1.68,150,68.04,24.21,4,4,4,5,5,4,4,4,3,4,4,4
4198485949,1,18,1,5,,,,1,,,,,1,6,,1,,7,4,,5'3,1.6,160,72.57,28.34,2,3,4,5,7,2,1,3,4,5,7,6
4198487972,1,49,1,5,,,,1,,,,,5,4,,1,,7,8,,5 4,1.63,135,61.23,23.17,2,4,4,3,4,5,4,3,4,3,2,3
4198490880,1,42,1,3,,,,1,,,,,5,2,,1,,7,5,,5'7,1.7,165,74.84,25.84,3,4,1,2,2,3,4,4,4,3,2,4
4198492610,1,50,1,4,,,,,,,1,,4,1,,1,,7,6,,5 6,1.68,250,113.4,40.35,1,4,1,5,1,2,1,1,1,1,1,1
4198493860,1,29,1,1,,,,1,,,,,6,0,Caucasian,1,,7,5,,5 ft 0 inch,1.52,165,74.84,32.22,2,3,3,1,2,7,1,2,1,1,3,1
4198493930,1,47,1,6,1,,,,,,,,1,2,,1,,7,6,,5'4,1.63,280,127.01,48.06,5,4,5,4,4,4,4,5,5,5,4,5
4198494645,1,31,1,4,1,,,,,,,,2,4,,1,,7,1,,5'9,1.75,165,74.84,24.37,4,5,4,3,3,4,3,7,2,4,2,4
4198496756,1,30,1,3,,,,1,1,,,,3,0,White,1,,7,6,,62,1.88,155,70.31,19.9,3,2,3,3,2,3,2,2,2,3,2,3
4198496857,1,46,1,5,,,,1,,,,,2,4,,1,,7,2,,5 2,1.57,113,51.26,20.67,1,2,3,2,2,2,2,2,2,2,2,4
4198497340,1,48,1,6,,,,1,,,,,3,5,,1,,7,7,,5,1.52,110,49.9,21.48,2,4,1,1,1,1,1,1,1,1,1,1
4198498486,1,59,1,2,1,,,,,,,,1,1,,1,,4,1,,5 5,1.65,150,68.04,24.96,4,6,6,7,4,3,7,4,4,1,1,4
4198498838,1,28,1,3,,,,1,,,,,3,4,,1,,7,5,,5.1,1.55,170,77.11,32.12,1,3,1,1,1,7,3,1,1,1,2,4
4198499996,1,38,1,4,,,,,1,,,,2,4,,1,,7,9,,5'3,1.6,148,67.13,26.22,3,4,2,3,3,2,5,4,4,6,5,5
4198500465,1,60,1,2,1,,,,,,,,2,6,,1,,6,1,,5 '2',1.57,150,68.04,27.44,5,5,5,5,5,5,5,4,4,5,5,5
4198501637,1,31,1,3,,,,1,,,,,2,4,,1,,7,4,,5 feet 4 inches,1.63,175 pounds,79.38,30.04,4,4,5,5,5,4,4,5,2,3,3,2
4198501777,1,27,1,2,1,,,,,,,,5,4,,1,,6,3,,5 feet 6 inches,1.68,199lbs,90.26,32.12,4,4,4,4,3,5,6,7,5,3,4,5
4198501785,1,58,1,3,1,,,,,,,,1,0,WHITE!!!,1,,7,1,,5'3,1.6,120,54.43,21.26,1,2,1,1,1,1,1,2,1,1,1,1
4198502128,1,63,1,3,,,,1,,,,,2,4,,1,,6,6,,5'7,1.7,245,111.13,38.37,3,4,4,6,3,4,5,4,5,4,4,4
4198503155,1,25,1,6,1,,,,,,,,1,5,,1,,7,7,,5' 2'',1.57,130,58.97,23.78,3,3,2,2,2,4,2,2,3,3,2,2
4198503639,1,52,1,3,1,,,,,,,,3,4,,1,,6,8,,5'4,1.63,250,113.4,42.91,4,5,4,5,4,3,4,6,4,4,3,4
4198505232,1,31,1,2,,,,1,,,,,5,2,,1,,7,4,,5'6,1.68,180,81.65,29.05,2,5,1,6,5,5,3,5,1,6,6,1
4198505373,1,64,1,4,,,,,,1,,,3,4,,1,,7,4,,5 '3,1.6,285,129.27,50.48,6,3,5,5,4,5,5,5,6,5,5,6
4198505387,1,49,1,3,1,,,,,,,,1,0,white amer,1,,7,5,,5*4,1.63,207,93.89,35.53,5,6,6,7,4,4,7,7,7,6,3,7
4198505981,1,48,1,2,,,,1,,,,,2,0,American,1,,7,3,,5'9,1.75,150,68.04,22.15,2,2,4,1,1,1,1,1,1,2,2,2
4198506003,1,31,1,4,,,,,,,,1,5,4,,1,,7,8,,5' 5,1.65,150,68.04,24.96,3,4,5,3,5,5,3,3,3,5,2,7
4198506953,1,38,1,2,,,,1,,,,,4,2,,0,spanish,2,5,,5' 4,1.63,139,63.05,23.86,4,7,3,2,7,3,2,5,7,5,7,7
4198507240,1,19,1,2,,,1,,,,1,,4,0,white,1,,7,6,,5'3,1.6,182,82.55,32.24,7,5,4,4,6,4,7,7,4,4,2,4
4198508769,1,41,1,3,1,,,,,,,,4,0,Caucasian,1,,7,4,,5'7,1.7,166,75.3,26,1,1,1,1,1,1,1,3,3,1,1,1
4198508836,1,48,1,3,,,,,1,,,,1,4,,1,,7,3,,5'3,1.6,164,74.39,29.05,1,1,1,1,1,1,4,1,1,1,1,1
4198509859,1,55,1,3,,,,,1,,,,4,4,,1,,7,5,,5'4,1.63,180,81.65,30.9,6,6,6,5,6,5,5,4,4,5,5,7
4198511283,1,53,1,3,,,,,1,,,,1,0,Black,1,,7,2,,5'4,1.63,260,117.93,44.63,3,4,2,4,3,1,4,7,5,4,4,4
4198512127,1,18,1,2,,,1,,,,1,1,4,0,White,1,,7,1,,5'5,1.65,130,58.97,21.63,3,4,3,3,5,2,1,4,2,3,4,6
4198514123,1,60,1,1,1,,,,,,,,2,1,,1,,7,3,,5'7,1.7,177,80.29,27.72,3,2,2,4,4,1,2,2,2,1,2,2
4198514425,1,26,1,5,1,,,,,,,,3,3,,1,,7,6,,5'4,1.63,180,81.65,30.9,5,5,3,5,5,2,5,5,5,5,6,6
4198515065,1,47,1,4,,,,1,,,,,4,3,,1,,7,3,,5'4,1.63,199,90.26,34.16,4,4,4,3,3,3,3,3,4,4,3,3
4198516002,1,64,1,3,,,,,,,,1,2,0,caucasion,1,,6,1,,5' 2,1.57,90,40.82,16.46,3,2,2,4,1,2,3,3,1,1,1,3
4198516365,1,57,1,4,,,,,1,,,,1,4,,1,,7,2,,5'4,1.63,180,81.65,30.9,3,3,3,3,1,1,4,1,1,3,1,1
4198516697,1,50,1,4,,,,1,,,,,6,4,,1,,7,3,,5 feet 5 inches,1.65,105,47.63,17.47,4,4,3,5,4,3,4,5,1,4,2,1
4198516782,1,56,1,3,,,,1,,,,,2,4,,1,,7,9,,5'1,1.55,153,69.4,28.91,3,3,2,3,2,4,2,3,3,2,2,3
4198516920,1,56,1,6,,,,,1,,,,1,4,,1,,7,3,,5'7,1.7,160,72.57,25.06,2,3,4,2,1,2,4,4,3,2,1,2
4198517229,1,30,1,3,,,,1,,,,,6,2,,1,,7,1,,5ft 4in,1.63,118,53.52,20.25,1,1,1,1,1,1,1,1,1,1,1,1
4198517270,1,21,1,4,1,,,,,,,,6,5,,1,,6,9,,5'4,1.63,115,52.16,19.74,2,4,1,6,5,2,1,4,3,2,1,1
4198517418,1,40,1,3,,,,1,,,,,4,0,American,1,,7,5,,5'3,1.6,220,99.79,38.97,7,7,7,7,7,7,7,7,7,7,7,7
4198517637,1,43,1,4,,,,1,,,,,4,0,White,1,,7,7,,5' 9,1.75,200,90.72,29.53,4,4,1,2,1,2,4,3,3,1,1,3
4198518020,1,27,1,3,,,,,,,1,,2,0,caucasion,1,,7,3,,5'4,1.63,140,63.5,24.03,2,3,1,6,4,4,3,6,5,4,3,5
4198518335,1,59,1,3,,,,,1,,,,2,4,,1,,7,11,,5 4,1.63,145,65.77,24.89,4,5,4,4,4,4,5,4,4,4,4,4
4198518573,1,60,1,3,,,,1,,,,,2,4,,1,,7,3,,5 ' 7,1.7,190,86.18,29.76,5,4,3,3,5,4,5,4,4,4,3,5
4198520068,1,40,1,4,1,,,,,,,,1,4,,1,,7,2,,5,1.52,110,49.9,21.48,1,2,1,1,6,1,4,4,5,1,2,1
4198521246,1,37,1,6,,,,1,,,,,6,1,,1,,7,12,,5'8,1.73,240,108.86,36.49,7,7,7,7,5,4,7,7,6,7,7,7
4198521386,1,59,1,2,,,,1,,,,,5,0,Caucasian,1,,7,3,,5ft 2inches,1.57,163,73.94,29.81,4,4,3,7,7,6,6,7,6,6,4,4
4198521482,1,56,1,2,,,,1,,,,,2,4,,1,,7,4,,5'2,1.57,145,65.77,26.52,3,3,2,4,3,3,3,4,4,4,4,4
4198521769,1,31,1,4,,,,1,,,,,2,0,"Cherokee,",1,,7,4,,5'5,1.65,240,108.86,39.94,4,4,4,4,4,4,4,4,4,4,4,4
4198523653,1,27,1,2,1,,,,,,,,2,4,,1,,7,1,,5'6,1.68,150,68.04,24.21,1,2,1,4,1,4,2,4,1,1,1,1
4198527869,1,23,1,1,1,,,,,,,,2,2,,1,,7,3,,"5,4",1.63,150,68.04,25.75,6,7,5,7,6,6,7,7,7,7,7,7
4198528051,1,27,1,4,,,1,,,,1,,2,4,,1,,7,5,,5'5,1.65,144,65.32,23.96,4,3,1,3,1,2,4,1,5,5,2,6
4198529809,1,52,1,2,1,,,,,,,,1,1,,1,,7,6,,5'5,1.65,n/a,0,0,1,4,1,1,1,2,1,1,1,1,1,1
4198530417,1,20,1,3,,,1,,,,1,,2,6,,1,,7,5,,5ft 3in,1.6,199,90.26,35.25,7,7,5,5,7,3,4,5,7,7,7,7
4198531226,1,31,1,3,,,,1,,,,,6,0,Caucasian,1,,7,5,,5'2,1.57,135,61.23,24.69,5,4,6,4,4,6,1,6,3,3,4,4
4198535805,1,22,1,2,1,,,,,,,,7,2,,1,,7,1,,5'3,1.6,130,58.97,23.03,2,7,4,4,3,3,6,4,5,7,5,7
4198537930,1,46,1,6,,,,,1,,,,4,1,,1,,7,1,,5'4.5,1.65,170,77.11,28.29,6,5,4,5,4,2,6,6,3,4,4,5
4198540284,1,28,1,2,1,,,,,,,,2,0,White,1,,7,3,,5'6,1.68,300,136.08,48.42,4,5,2,5,2,2,5,5,3,4,3,5
4198543577,1,33,1,2,,,,,,,1,,3,4,,1,,7,2,,5'7,1.7,200,90.72,31.32,5,6,6,5,3,2,6,4,5,6,6,6
4198544109,1,43,1,1,1,,,,,,,,3,1,,1,,7,1,,5-May,1.65,240,108.86,39.94,1,4,1,1,1,1,1,1,1,1,1,1
4198546478,1,54,1,4,1,,,,,,,,1,4,,1,,7,3,,5'5,1.65,179,81.19,29.79,4,4,3,3,4,4,3,5,4,4,4,4
4198546546,1,29,1,4,1,,,,,,,,3,1,,1,,7,6,,5'6,1.68,140,63.5,22.6,2,2,2,2,2,2,2,2,2,2,2,2
4198548466,1,68,1,3,1,,,,,,,,1,1,,1,,7,3,,5'6,1.68,160,72.57,25.82,2,3,1,1,1,4,2,1,1,1,1,1
4198549880,1,36,1,3,,,,,1,,1,1,4,4,,1,,7,4,,5' 10,1.78,150,68.04,21.52,1,1,1,1,1,4,1,1,1,1,1,1
4198550351,1,24,1,2,,,,1,,,,,4,2,,1,,6,1,,5:01,1.55,150,68.04,28.34,1,2,2,1,2,4,2,2,2,2,2,1
4198552270,1,21,1,3,,,,1,,,,,3,2,,0,spanish,7,3,,5'2,1.57,121,54.88,22.13,1,4,1,1,1,1,1,1,1,1,1,1
4198552749,1,31,1,4,1,,,,,,,,2,4,,1,,7,3,,5.6,1.68,204.6,92.8,33.02,4,4,4,5,3,4,2,4,4,1,1,4
4198554747,1,29,1,2,,,,1,,,,,3,0,White,1,,7,4,,5 feet 1 inch,1.55,150,68.04,28.34,4,6,7,4,4,4,4,7,7,3,5,7
4198555700,1,30,1,6,,,,1,,,,,2,4,,1,,7,10,,5'6,1.68,280,127.01,45.19,4,5,5,4,5,4,3,4,4,4,3,5
4198556455,1,28,1,4,,,,,,,1,,5,2,,1,,7,7,,5 4,1.63,170,77.11,29.18,2,5,4,4,5,5,3,3,3,2,3,4
4198559010,1,32,1,3,,,,1,,,,,2,0,caucian,1,,7,1,,5'5,1.65,155,70.31,25.79,7,6,6,6,6,6,6,6,6,6,5,5
4198560835,1,33,1,3,1,,,,,,,,1,0,white & bl,1,,7,3,,5'1,1.55,140,63.5,26.45,7,6,4,5,4,3,6,6,4,7,4,7
4198562040,1,29,1,2,,,,,,,1,,6,4,,1,,7,3,,5' 2,1.57,155,70.31,28.35,4,4,3,1,2,4,4,3,1,4,3,5
4198562456,1,28,1,3,,,,1,,,,,5,4,,1,,7,3,,5'5,1.65,220,99.79,36.61,4,6,4,2,4,5,2,3,3,4,4,6
4198569738,1,43,1,3,,,,1,,,,,3,4,,1,,7,4,,5 feet 11 inchs,1.8,225,102.06,31.38,4,4,6,4,4,5,6,4,4,6,3,7
4198570349,1,35,1,1,1,,,,,,,,3,1,,1,,7,7,,"5"""" 5",1.65,132,59.87,21.97,1,7,1,1,1,1,1,1,1,1,1,1
4198573908,1,27,1,6,1,,,,,,,,5,4,,1,,5,6,,5'5,1.65,303,137.44,50.42,4,6,4,4,4,3,4,5,4,5,4,5
4198574589,1,35,1,6,1,,,,,,,,1,5,,1,,7,4,,5ft3in,1.6,155,70.31,27.46,1,1,1,1,1,1,1,1,1,1,1,1
4198575287,1,31,1,4,,,,1,,,,,4,3,,1,,7,4,,5'0,1.52,190lbs,86.18,37.11,2,2,1,1,1,1,2,1,5,2,1,1
4198575721,1,21,1,3,,,,,,,1,,2,5,,1,,7,3,,5'1,1.55,145,65.77,27.4,1,1,2,2,1,2,1,1,1,1,1,1
4198575791,1,30,1,4,,,,1,,,,,3,4,,1,,7,4,,5' 8,1.73,165,74.84,25.09,2,3,3,4,2,4,4,6,4,2,1,3
4198577732,1,18,1,2,,,1,,,,,,1,1,,1,,7,1,,5'3,1.6,150,68.04,26.57,7,7,7,7,7,1,7,7,7,7,7,7
4198579330,1,30,1,6,,,,,,,1,,5,0,Hispanic/w,1,,7,3,,5ft. 5in.,1.65,212lbs,96.16,35.28,6,6,6,4,2,4,3,3,1,5,4,6
4198579528,1,27,1,2,1,,,,,,,,1,0,Black and,1,,7,3,,5 feet 10 inches,1.78,320,145.15,45.91,7,6,6,6,6,3,5,5,6,6,6,6
4198581045,1,43,1,3,1,,,,,,,,1,4,,1,,7,2,,5 10,1.78,222,100.7,31.85,4,5,3,4,4,4,3,4,3,4,3,5
4198581597,1,24,1,4,,,1,,,,,,2,2,,1,,7,8,,5'5,1.65,130,58.97,21.63,5,6,4,5,5,5,6,4,5,5,5,4
4198590609,1,53,1,3,1,,,,,,,,3,4,,1,,7,3,,5'3,1.6,165,74.84,29.23,2,2,2,4,3,4,4,2,4,3,1,1
4198590953,1,55,1,4,,,,,1,,1,,2,0,White,1,,7,4,,5 feet 1 inch,1.55,345,156.49,65.19,3,3,3,4,3,4,4,3,3,3,3,2
4198597825,1,49,1,3,,,,1,,,,,2,4,,1,,7,3,,5ft 9in,1.75,233 lbs,105.69,34.41,3,1,1,5,1,5,4,4,4,2,2,4
4198599876,1,50,1,3,,,,,,,1,,2,0,white,1,,7,12,,5'5,1.65,127,57.61,21.13,2,3,2,2,1,2,1,2,1,1,1,1
4198601766,1,49,1,1,1,,,,,,,,1,1,,1,,7,1,,5'10,1.78,230,104.33,33,2,2,2,3,1,1,5,7,7,1,1,2
4198602483,1,44,1,3,,,,,1,,,,1,6,,1,,7,1,,5'3,1.6,173,78.47,30.65,4,3,4,4,4,4,2,5,4,5,4,5
4198605161,1,41,1,4,,,,1,,,,,3,1,,1,,7,2,,5'1,1.55,253,114.76,47.8,2,1,1,1,7,3,7,7,4,4,4,1
4198606061,1,47,1,3,,,,,1,,,,2,0,Caucasian,1,,7,3,,5ft 1in,1.55,240,108.86,45.35,1,7,3,2,2,4,2,6,6,2,2,1
4198609563,1,53,1,2,,,,1,,,,,2,0,white/cauc,1,,7,2,,5ft 5,1.65,180,81.65,29.95,1,2,1,1,1,2,1,4,4,1,1,1
4198610523,1,37,1,3,,,1,,,,1,,7,4,,1,,7,4,,5'6,1.68,232,105.23,37.45,2,2,4,3,4,4,4,3,5,4,3,2
4198611819,1,36,1,3,1,,,,,,,,2,0,Caucasian,1,,7,4,,5 feet 4 inches,1.63,152 pounds,68.95,26.09,3,2,2,2,2,4,4,2,3,3,3,4
4198658728,1,52,1,2,,,,1,,,,,3,6,,1,,7,3,,5 3,1.6,165,74.84,29.23,1,2,1,2,1,4,1,3,3,2,2,2
4198705179,1,50,1,3,,,,1,,,,,2,4,,1,,7,6,,5 ft 5 in,1.65,167,75.75,27.79,1,4,1,1,3,2,1,3,2,2,1,1
4198707879,1,41,1,6,,,,1,,,,,4,3,,1,,7,7,,5 feet 10 inches,1.78,221,100.24,31.71,3,3,2,4,2,2,3,3,4,2,2,2
4198713474,1,43,1,6,,,,1,,,,,3,4,,1,,7,12,,5'4,1.63,130,58.97,22.31,6,7,6,6,5,6,5,6,7,4,6,6
4198721387,1,55,1,2,,,,,,,,1,1,0,White/Cauc,1,,7,1,,5'1,1.55,170,77.11,32.12,4,7,5,7,5,4,6,6,7,3,6,7
4198731873,1,37,1,2,,,,,1,,1,,4,4,,1,,7,8,,5' 3,1.6,123,55.79,21.79,2,3,2,2,2,4,2,4,4,2,2,3
4198744274,1,51,1,4,1,,,,,,,,1,4,,1,,7,5,,5'2,1.57,129,58.51,23.59,3,3,2,3,3,3,3,3,3,3,2,2
4198483095,1,35,1,6,1,,,,,,,,1,4,,1,,7,3,,5'5,1.65,200,90.72,33.28,6,5,2,4,5,5,3,4,5,5,4,6
4187228209,1,34,1,3,,,,1,,,,,6,4,,1,,7,6,,5'4,1.63,150,68.04,25.75,1,1,1,1,1,1,1,1,1,1,1,1
4187229583,1,37,1,4,1,,,,,,,,1,4,,1,,6,1,,5'9,1.75,175,79.38,25.84,1,1,1,1,1,1,1,1,1,1,1,1
4187240080,1,55,1,4,,,,1,,,,,4,4,,1,,7,7,,5 feet 7 inches,1.7,130,58.97,20.36,1,1,1,2,1,1,1,1,1,1,1,1
4187244978,1,19,1,3,,,1,,,,,,3,0,White and,1,,7,11,,5 feet 8 inches,1.73,125 pounds,56.7,19.01,7,7,7,7,7,7,7,7,7,7,7,7
4187249911,1,33,1,2,1,,,,,,,,1,4,,1,,7,3,,5 foot 8 inches,1.73,135,61.23,20.53,1,1,1,1,1,1,1,1,5,1,1,1
4187257165,1,33,1,2,,,,1,,,,,5,4,,1,,7,4,,5 3,1.6,176,79.83,31.18,1,1,1,1,1,1,1,1,1,1,1,1
4198426986,1,49,1,2,,,1,,,,1,,2,1,,1,,7,4,,5'5,1.65,110,49.9,18.3,1,1,1,1,1,1,1,1,1,1,1,1
4198443401,1,64,1,3,1,,,,,,,,1,0,race is no,1,,7,7,,5' 4,1.63,155,70.31,26.61,1,1,1,1,1,1,1,1,1,1,1,1
4198448270,1,53,1,3,1,,,,1,,,,1,4,,1,,7,3,,5'2,1.57,125,56.7,22.86,1,1,1,1,1,1,1,1,1,1,1,1
4198454827,1,27,1,4,1,,,,,,,,3,0,caribbean,1,,7,9,,5'2 1/2,1.6,105,47.63,18.6,1,1,1,1,1,1,1,1,1,1,1,1
4198461460,1,30,1,3,,,,1,,,,,2,4,,1,,7,7,,5'6,1.68,245,111.13,39.54,5,5,5,5,5,5,5,5,5,5,5,5
4198473017,1,36,1,3,,,,1,,,,,4,1,,1,,7,6,,69,2.06,190,86.18,20.36,1,1,1,1,1,1,1,1,1,1,1,1
4198497075,1,40,1,4,1,,,,,,,,1,1,,1,,7,11,,"5""""3",1.6,155,70.31,27.46,1,1,1,1,1,1,1,1,1,1,1,1
4198503906,1,27,1,4,,,1,,1,,,1,4,6,,1,,7,1,,5' 4,1.63,85,38.56,14.59,1,1,1,1,1,1,1,1,1,1,1,1
4198582652,1,45,1,2,1,,,,,,,,2,0,caucasion,1,,7,4,,5'6,1.68,160,72.57,25.82,1,1,1,1,1,7,7,7,7,1,1,1
4187141339,1,57,2,4,,,,1,,,,,3,1,,1,,5,9,,66,1.98,100,45.36,11.56,5,5,5,6,5,6,6,5,4,5,6,6
4187142591,1,28,2,5,1,,,,,,,,1,2,,1,,7,3,,5'7,1.7,182,82.55,28.5,5,4,6,5,4,7,6,4,5,3,5,6
4187144430,1,22,2,3,1,,,,,,,,5,4,,1,,7,5,,5'3,1.6,122lbs.,55.34,21.61,1,4,1,1,1,1,1,4,1,1,1,3
4187144515,1,53,2,2,,,,,1,,,,1,3,,1,,7,2,,6 0,1.83,178,80.74,24.14,2,3,2,3,2,2,3,3,2,2,2,2
4187144877,1,49,2,4,1,,,,,,,,3,0,Asian + Wh,1,,7,4,,"5 ft., 8 in.",1.73,135,61.23,20.53,1,1,1,1,1,1,1,1,1,1,1,1
4187144965,1,20,2,3,,,1,,,,,,5,2,,1,,5,7,,5'10,1.78,175,79.38,25.11,4,4,4,4,4,4,4,4,4,4,4,4
4187145335,1,42,2,6,,,,1,,,,,4,4,,1,,7,6,,6'2,1.88,315,142.88,40.44,7,7,7,7,6,1,1,7,7,7,7,7
4187149448,1,23,2,4,,,,,,,1,,1,4,,1,,6,7,,5 10,1.78,180,81.65,25.83,5,6,5,4,5,6,5,4,5,6,5,4
4187150023,1,63,2,2,,,,1,,,,,2,4,,1,,7,5,,6feet 2 inches,1.88,165,74.84,21.18,1,5,1,1,1,2,1,1,2,1,1,1
4187150037,1,60,2,3,,,,1,,,,,3,0,mayflower,1,,7,11,,5 * 10,1.78,300,136.08,43.05,3,3,3,4,2,3,3,4,4,4,3,4
4187150160,1,27,2,6,,,,1,,,,,3,2,,0,spanish,6,6,,1.7,0,120,54.43,,1,7,1,1,1,1,1,5,5,1,1,1
4187150267,1,59,2,2,1,,,,,,,,1,3,,1,,7,3,,5feet 11 inches,1.8,180,81.65,25.1,1,2,1,1,1,1,1,1,1,1,1,1
4187155182,1,35,2,4,1,,,,,,,,4,1,,1,,7,11,,6 feet and 2 inches,1.88,178,80.74,22.85,1,1,1,1,1,1,1,1,1,1,1,1
4187155220,1,20,2,2,1,,,,,,,,3,0,white,1,,7,1,,6ft3,1.91,180,81.65,22.5,1,7,2,1,1,1,3,5,7,7,7,1
4187156349,1,32,2,2,,,,1,,,,,3,2,,0,spanish,4,4,,5 6,1.68,145,65.77,23.4,7,7,7,7,7,1,1,7,7,1,4,7
4187158497,1,35,2,3,,,,,1,,,,7,4,,1,,7,7,,"5,9",1.75,185,83.91,27.32,1,2,2,2,1,7,7,7,7,1,2,2
4187158645,1,61,2,4,,,,1,,,,,2,4,,1,,7,6,,5' 10,1.78,155,70.31,22.24,1,4,1,1,1,1,1,1,1,1,1,1
4187161372,1,50,2,4,,,,1,,,,,5,0,Caucasion,1,,7,8,,5 feet 7 inches,1.7,165,74.84,25.84,1,1,1,1,1,1,1,1,1,1,1,1
4187162321,1,56,2,5,,,,1,,,,,3,4,,1,,7,5,,6,1.83,195,88.45,26.45,1,4,1,1,1,1,1,1,1,1,1,1
4187164961,1,63,2,2,,,,1,,,,,2,4,,1,,4,2,,5-Aug,1.73,235,106.59,35.73,1,3,1,1,1,2,1,2,4,2,1,2
4187165978,1,40,2,3,,,,1,,,,,3,4,,1,,7,7,,5'8,1.73,145,65.77,22.05,1,2,1,1,1,3,1,1,1,1,1,1
4187168097,1,59,2,4,,,,1,,,,,5,4,,1,,7,10,,5 10,1.78,225,102.06,32.28,4,4,4,4,3,4,4,4,4,4,4,4
4187170671,1,32,2,6,,,,1,,,,,3,4,,1,,7,8,,6'0,1.83,180,81.65,24.41,1,5,1,1,1,1,1,1,1,1,1,1
4187170987,1,25,2,2,1,,,,,,,,4,1,,1,,7,5,,5 7,1.7,179,81.19,28.04,3,6,4,7,2,4,7,5,4,1,4,5
4187172525,1,42,2,5,,,,1,,,,,3,2,,1,,7,11,,6feet,1.83,145pounda,65.77,19.67,5,4,4,6,5,3,4,4,5,5,5,4
4187173143,1,46,2,2,,,,,1,,,,1,1,,1,,5,4,,5;9,1.75,178,80.74,26.29,3,3,3,3,3,3,3,3,3,3,3,3
4187173294,1,45,2,6,,,,,1,,,,1,3,,1,,5,8,,6.1,1.85,228,103.42,30.08,6,5,5,6,5,5,6,5,5,6,5,6
4187174791,1,31,2,4,1,,,,,,,,1,4,,1,,7,4,,5' 10,1.78,145lbs,65.77,20.81,1,6,1,1,1,1,1,1,1,1,1,1
4187177333,1,34,2,6,,,,1,,,,,5,6,,1,,7,8,,5'11,1.8,190,86.18,26.5,1,2,1,1,1,1,1,4,1,1,1,1
4187178527,1,64,2,5,1,,,,,,,,1,3,,1,,7,3,,70,2.13,194,88,19.33,1,2,1,1,1,1,1,1,2,1,1,1
4187178645,1,30,2,2,1,,,,,,,,2,1,,1,,7,1,,6-Jan,1.85,185,83.91,24.41,1,1,1,6,1,1,1,1,4,1,1,7
4187190192,1,23,2,3,1,,,,,,,,0,0,Spanish/wh,1,,6,1,,6ft 4inches,1.93,209,94.8,25.44,3,2,1,5,1,4,1,5,5,3,1,2
4187190892,1,34,2,6,,,,1,,,,,5,2,,1,,7,7,,6,1.83,180,81.65,24.41,5,6,5,6,5,4,5,3,6,1,4,3
4187191270,1,42,2,6,,,,1,,,,,5,2,,0,spanish,7,12,,5ft 9in,1.75,188,85.28,27.76,1,1,1,1,1,1,7,7,7,7,1,7
4187198203,1,31,2,4,1,,,,,,,,1,1,,1,,7,9,,5' 7,1.7,294,133.36,46.05,4,3,1,2,1,4,1,2,4,2,1,1
4187198462,1,54,2,4,,,,,1,,,,1,0,white,1,,7,2,,5' 9,1.75,200,90.72,29.53,3,3,3,2,2,4,1,3,2,1,2,5
4187200409,1,30,2,3,1,,,,,,,,1,0,White,1,,7,1,,5'5,1.65,140,63.5,23.3,1,1,1,1,1,1,1,1,1,1,1,1
4187202405,1,61,2,6,,,,,,1,,,1,3,,1,,7,11,,5.7,1.7,240,108.86,37.59,4,3,2,2,2,2,1,2,4,4,2,5
4187203460,1,54,2,2,,,,1,,,,,3,0,WHITE,1,,7,3,,5ft 8inch,1.73,340,154.22,51.7,5,6,5,4,5,5,6,7,6,6,6,6
4187204226,1,25,2,6,1,,,,,,,,0,0,European/N,1,,7,5,,5'5,1.65,165,74.84,27.46,4,4,3,6,5,4,6,6,6,5,5,5
4187208028,1,49,2,6,1,,,,,,,,1,4,,1,,7,3,,5'4,1.63,245,111.13,42.05,5,6,6,4,6,3,2,4,5,5,5,6
4187209995,1,45,2,2,,,,1,,,,,3,0,white amer,1,,7,3,,5,1.52,10,4.54,,1,2,1,2,1,2,2,2,2,1,2,1
4187216115,1,42,2,2,,,,,,,1,,5,0,White,1,,7,4,,5feet 11 inches,1.8,145 lbs,65.77,20.22,1,1,1,1,1,1,1,1,1,1,1,1
4187216293,1,25,2,4,,,,1,,,,,4,4,,1,,6,10,,5ft 7in,1.7,152,68.95,23.81,4,7,4,5,4,3,2,7,5,2,2,4
4187216661,1,52,2,3,,,,,1,,,,1,3,,1,,5,2,,5'7'',1.7,180,81.65,28.19,3,4,3,4,4,3,4,4,3,4,4,4
4187216926,1,58,2,4,1,,,,,,,,1,5,,1,,7,4,,5 ft 6 in,1.68,170,77.11,27.44,1,1,1,1,1,1,1,1,1,1,1,1
4187217780,1,32,2,4,1,,,,,,,,3,5,,1,,6,8,,5 feet 6 inches,1.68,160,72.57,25.82,5,6,6,5,5,6,7,5,6,6,5,6
4187218636,1,36,2,4,,,,1,,,,,3,1,,1,,6,6,,6 feet and 3 inches,1.91,252,114.31,31.5,6,6,4,6,3,5,6,4,4,2,2,2
4187221057,1,28,2,5,1,,,,,,,,3,2,,1,,7,10,,72,2.18,150,68.04,14.26,6,7,7,6,6,7,7,6,7,7,6,7
4187222059,1,47,2,4,1,,,,,,,,1,0,white,1,,6,6,,5-Jun,1.68,130,58.97,20.98,1,2,1,1,1,1,2,1,1,1,1,1
4187222717,1,65,2,3,,,,1,,,,,2,3,,1,,7,4,,6 feet 4 inches,1.93,242,109.77,29.46,2,3,1,1,1,2,1,1,1,1,1,1
4187224527,1,18,2,2,,,1,,,,,,2,2,,1,,6,1,,"5""""11",1.8,200,90.72,27.89,3,4,2,5,4,3,5,4,3,5,4,4
4187232439,1,57,2,3,,,,,1,,,,2,0,white cuac,1,,7,3,,5-Sep,1.75,200,90.72,29.53,2,2,2,1,2,2,2,1,2,1,1,1
4187233388,1,52,2,3,,,,,,,1,,2,3,,1,,7,7,,6'5,1.96,231,104.78,27.39,1,3,1,1,1,1,1,1,1,1,1,1
4187235853,1,54,2,3,1,,,,,,,,1,4,,1,,7,1,,6-Feb,1.88,333,151.05,42.75,3,3,4,5,4,2,5,5,6,6,4,7
4187254669,1,26,2,2,,,,1,,,,,2,2,,1,,7,3,,5 11,1.8,420,190.51,58.58,1,4,4,5,1,7,7,5,5,5,5,7
4187257722,1,25,2,2,,,,1,,,,,4,2,,1,,7,10,,5.1,1.55,130,58.97,24.56,7,6,5,4,5,6,7,6,7,5,6,7
4187258011,1,56,2,6,,,,1,,,,,2,3,,1,,7,9,,5 foot 11 inches,1.8,189,85.73,26.36,2,4,2,1,4,4,3,5,4,3,2,2
4187268489,1,64,2,2,,,,1,,,,,2,0,white cauc,1,,6,4,,6-Feb,1.88,242,109.77,31.07,1,1,1,1,1,1,1,4,1,1,1,1
4187269093,1,26,2,3,,,,1,,,,,6,2,,1,,6,7,,5'8,1.73,210,95.25,31.93,6,5,6,5,5,6,4,6,6,6,6,5
4187272007,1,58,2,6,1,,,,,,,,1,4,,1,,7,5,,6 3,1.91,230,104.33,28.75,2,2,2,2,2,2,2,2,4,2,2,2
4187272611,1,28,2,4,1,,,,,,,,1,1,,1,,7,1,,5.6,1.68,190,86.18,30.67,1,1,1,1,1,1,7,7,7,7,7,7
4187272674,1,20,2,2,1,,,,,,,,3,4,,1,,7,10,,"6""""00",1.83,120,54.43,16.27,1,4,1,4,1,4,1,4,1,4,1,4
4187273590,1,51,2,2,,,,1,,,,,4,4,,1,,7,9,,5' 10,1.78,215,97.52,30.85,4,4,3,4,4,3,3,4,4,4,3,5
4187277054,1,25,2,5,,,,1,,,,,4,6,,1,,7,10,,5 7,1.7,150,68.04,23.49,3,4,4,2,4,2,4,3,3,4,4,2
4187278047,1,63,2,3,,,,1,,,,,2,4,,1,,7,4,,72,2.18,220,99.79,20.91,2,2,2,4,1,4,3,4,6,1,1,1
4187282386,1,56,2,2,1,,,,,,,,6,1,,1,,7,2,,6ft  5in,1.96,200,90.72,23.72,1,4,1,4,1,1,1,1,1,1,1,1
4187283540,1,61,2,3,1,,,,,,,,1,4,,1,,7,11,,5'9'',1.75,200,90.72,29.53,7,7,6,7,6,5,5,5,5,5,4,5
4187290803,1,30,2,4,,,,1,,,,,4,2,,1,,7,12,,6,1.83,10,4.54,,5,5,5,4,5,5,6,5,5,5,6,5
4187296974,1,25,2,5,,,,1,,,,,4,4,,1,,7,10,,2' 6,0.76,163,73.94,127.33,6,7,6,6,7,7,7,6,6,7,6,7
4187307322,1,25,2,3,1,,,,,,,,1,4,,1,,7,4,,5'9,1.75,211,95.71,31.16,3,4,3,3,3,4,3,4,4,3,3,4
4187309124,1,31,2,5,1,,,,,,1,,4,1,,1,,7,7,,511,1.8,230,104.33,32.08,1,6,2,3,1,1,1,4,1,4,3,2
4187309987,1,62,2,4,,,,,1,,,,2,4,,1,,7,7,,6'0,1.83,175,79.38,23.73,1,2,1,1,2,1,1,1,1,1,1,1
4187310867,1,27,2,4,1,,,,,,,,2,0,Brazilian,0,Portuguese,4,3,,70,2.13,"15,48",0,,5,4,4,4,4,4,4,4,4,3,3,4
4196296668,1,40,2,5,,,,1,,,,,3,5,,1,,7,12,,5'9,1.75,130,58.97,19.2,7,1,1,1,1,1,1,6,7,1,5,1
4197076806,1,28,2,3,1,,,,,,,,3,4,,1,,6,2,,5'10,1.78,150,68.04,21.52,2,4,1,2,2,3,3,5,2,1,1,3
4198207215,1,61,2,6,,,,1,,,,,3,4,,1,,7,12,,5'10,1.78,190,86.18,27.26,2,4,2,2,2,2,2,2,2,2,2,1
4198408830,1,22,2,3,1,,,,,,,,5,1,,1,,7,1,,"5""""11",1.8,200,90.72,27.89,4,4,4,4,4,4,2,2,5,5,4,4
4198420557,1,51,2,2,,,,1,,,,,4,4,,1,,7,7,,5' 8,1.73,202,91.63,30.71,1,4,2,2,5,4,3,5,2,1,1,1
4198424115,1,45,2,4,,,,,1,,,,2,5,,1,,7,7,,6'2,1.88,180,81.65,23.11,1,1,1,1,1,1,2,2,1,1,1,2
4198424161,1,36,2,4,,,,1,,,,,4,5,,1,,7,8,,5'11,1.8,160,72.57,22.32,3,4,2,3,2,3,3,2,3,2,4,4
4198425924,1,45,2,5,1,,,,,,,,1,5,,1,,7,6,,5'7,1.7,160,72.57,25.06,3,5,4,4,4,3,4,1,1,1,1,1
4198426485,1,64,2,2,,,,1,,,,,2,6,,1,,7,4,,5FT 8 IN,1.73,250,113.4,38.01,5,6,4,2,4,2,3,4,4,6,3,5
4198427496,1,40,2,3,,,,1,,,,,2,5,,1,,7,10,,5.8,1.73,140,63.5,21.29,4,3,6,5,6,6,4,3,3,6,6,5
4198428328,1,50,2,6,,,,1,,,,,4,4,,1,,7,4,,70,2.13,234,106.14,23.32,6,6,3,3,3,4,4,3,4,5,3,5
4198433652,1,36,2,3,1,,,,,,,,1,1,,1,,5,2,,5'11,1.8,205,92.99,28.59,1,1,1,1,2,1,3,2,1,1,1,1
4198435114,1,61,2,4,1,,,,,,,,2,4,,1,,7,7,,6'3,1.91,184,83.46,23,1,2,1,1,1,1,1,2,1,1,1,1
4198437229,1,55,2,3,1,,,,,,,,1,1,,1,,5,3,,6' 5,1.96,270,122.47,32.02,2,2,1,4,4,2,1,1,3,3,2,2
4198439898,1,61,2,3,1,,,,,,,,1,4,,1,,6,5,,6'1,1.85,185,83.91,24.41,1,3,2,2,1,3,2,4,1,1,2,2
4198440858,1,62,2,3,1,,,,,,,,1,4,,1,,4,2,,5  11,1.8,214,97.07,29.85,3,3,3,3,3,3,3,3,3,3,3,3
4198443984,1,58,2,4,,,,,1,,,,1,4,,1,,7,6,,6' 4,1.93,258,117.03,31.4,4,3,4,4,5,5,4,6,4,4,3,4
4198446354,1,35,2,6,,,,1,,,,,4,6,,1,,7,12,,5.74 feets and 68.89,1.7,165 pounds,74.84,25.84,1,4,1,1,7,1,1,1,1,1,1,1
4198447675,1,38,2,2,1,,,,,,,,1,4,,1,,7,1,,5 foot 7,1.7,150,68.04,23.49,1,1,1,1,1,1,1,1,1,1,1,1
4198448124,1,60,2,3,,,,1,,,,,2,0,white,1,,7,6,,5'11,1.8,220,99.79,30.68,1,1,1,1,1,1,1,1,1,1,1,1
4198448184,1,60,2,3,,,,,1,,,,1,1,,1,,7,3,,5'11,1.8,385,174.63,53.7,4,3,1,2,2,4,6,2,6,4,3,4
4198449639,1,56,2,3,,,,1,,,,,2,4,,1,,7,9,,5'8,1.73,212,96.16,32.23,4,4,1,5,3,4,5,5,4,4,3,5
4198451808,1,53,2,4,,,,,1,,,,2,7,,1,,7,3,,5 10,1.78,185,83.91,26.54,5,5,4,4,4,3,6,6,6,5,5,5
4198454870,1,60,2,4,,,,1,,,,,4,4,,1,,7,11,,5' 9,1.75,202,91.63,29.83,5,5,4,4,4,3,4,5,6,4,5,5
4198455320,1,32,2,4,,,1,,,,,,3,6,,1,,7,6,,5feet 6 inches,1.68,120,54.43,19.37,1,1,1,1,1,1,1,1,1,1,1,1
4198460504,1,38,2,2,,,,,,,1,,4,3,,1,,7,3,,6.1,1.85,210,95.25,27.71,2,2,2,2,2,2,2,2,2,2,2,2
4198461320,1,62,2,2,1,,,,,,,,1,4,,1,,6,2,,5'2'',1.57,160,72.57,29.26,4,4,2,2,2,2,2,4,4,4,3,4
4198467501,1,40,2,6,,,,1,,,,,7,4,,1,,7,10,,5.9,1.75,155,70.31,22.89,2,4,3,2,2,3,3,5,3,1,2,3
4198470588,1,65,2,5,1,,,,,,,,1,3,,1,,7,6,,5' 10,1.78,185,83.91,26.54,1,1,1,1,1,1,1,1,1,1,1,1
4198472199,1,32,2,4,,,,1,,,,,3,2,,1,,7,10,,5'8,1.73,160,72.57,24.33,5,6,4,5,4,5,6,5,6,4,3,5
4198475479,1,51,2,4,,,1,,,,,,1,4,,1,,6,1,,5-Oct,1.78,185,83.91,26.54,2,1,2,2,2,1,2,2,2,1,1,2
4198485891,1,21,2,2,,,1,,,,,,5,4,,1,,7,10,,5'4,1.63,135,61.23,23.17,2,2,2,7,2,2,2,7,2,2,2,2
4198494847,1,37,2,4,,,,,1,,,,2,2,,1,,7,3,,5'9,1.75,154,69.85,22.74,1,3,1,1,1,2,4,1,1,1,1,1
4198501085,1,34,2,4,,,,1,,,,,5,3,,1,,7,2,,5 foot 8 inches,1.73,165,74.84,25.09,6,7,7,6,6,5,6,5,5,7,7,7
4198502904,1,61,2,4,,,1,,,1,,,1,0,White,1,,7,6,,5ft 4 in,1.63,205,92.99,35.19,3,3,3,3,3,3,4,3,3,4,2,3
4198510183,1,64,2,3,,,,1,,,,,2,4,,1,,7,3,,5-Nov,1.8,187,84.82,26.08,1,1,1,1,1,1,1,1,1,1,1,1
4198510586,1,61,2,3,,,,,,,1,,2,4,,1,,7,4,,6 1,1.85,185,83.91,24.41,1,1,1,1,1,1,1,1,1,1,1,1
4198517039,1,58,2,3,1,,,,,,,,2,4,,1,,7,4,,5 feet 8 inches,1.73,129,58.51,19.61,2,1,1,1,1,1,3,3,2,1,1,4
4198537409,1,34,2,2,,,,,,,1,,4,6,,1,,7,4,,5'3,1.6,140,63.5,24.8,5,4,3,5,5,2,4,7,7,7,4,7
4198588939,1,54,2,3,,,,,,,1,,2,4,,1,,7,5,,6'1,1.85,200,90.72,26.39,1,1,1,1,6,1,6,7,2,1,1,1
4198692515,1,40,2,4,1,,,,,,,,7,4,,1,,7,4,,5'10,1.78,160,72.57,22.96,1,2,1,1,1,6,1,1,1,1,1,1
4198699477,1,35,2,6,,,,1,,,,,3,2,,1,,7,11,,5.7,1.7,160,72.57,25.06,7,6,7,5,6,7,6,7,6,7,6,7
4198725967,1,40,2,2,,,,1,,,,,5,5,,1,,7,4,,"5,12",0,60,27.22,,1,1,1,1,1,1,1,1,6,1,1,1
4198729122,1,25,2,5,1,,,,,,1,,2,2,,1,,4,3,,6 feet 3 inches,1.91,130,58.97,16.25,5,3,6,1,5,3,4,3,5,4,4,2
4198750549,1,26,2,6,,,,,,,1,,4,2,,0,spanish,4,5,,6,1.83,240,108.86,32.55,4,4,1,1,3,1,2,2,2,4,1,4
4198775790,1,34,2,4,1,,,,,,,,1,3,,1,,7,5,,5 9,1.75,165,74.84,24.37,2,2,2,2,2,2,2,2,2,2,2,2
4198777627,1,50,2,3,,,,,,,1,,3,4,,1,,7,3,,5-Aug,1.73,190,86.18,28.89,1,2,2,2,2,1,1,1,1,5,1,4
4198827506,1,48,2,2,,,,1,,,,,4,4,,1,,7,11,,70,2.13,210,95.25,20.92,1,1,1,1,1,1,1,1,1,1,1,1
4198845425,1,31,2,3,,,,1,,,,,5,2,,1,,7,10,,10.86614,0,171,77.56,,7,6,7,5,6,4,6,4,6,3,4,6
4198849262,1,52,2,3,1,,,,,,,,1,4,,1,,6,3,,5'10,1.78,160,72.57,22.96,1,5,1,1,1,2,2,2,2,1,1,1
4198880743,1,48,2,4,,,,1,,,,,4,3,,1,,7,6,,5' 6,1.68,150,68.04,24.21,2,1,2,1,1,2,1,3,2,1,1,2
4198886576,1,45,2,4,,,,1,,,,,4,4,,1,,7,9,,6'1,1.85,190,86.18,25.07,3,3,2,1,2,3,2,3,4,2,1,2
4198893635,1,19,2,3,1,,,,,,,,3,0,white,1,,7,2,,6 feet 2 inches,1.88,195 pounds,88.45,25.04,1,1,1,1,1,1,1,1,1,1,1,1
4198962668,1,27,2,2,,,1,,,,,,3,4,,1,,7,3,,6,1.83,289,131.09,39.2,4,4,5,4,4,4,5,4,4,4,5,4
4198974306,1,35,2,4,,,,1,,,,,3,3,,1,,7,7,,6 1,1.85,185,83.91,24.41,4,3,3,4,4,5,5,4,4,5,4,4
4199100349,1,31,2,6,,,,1,,,,,3,4,,1,,7,8,,6.2,1.88,150,68.04,19.26,1,2,1,1,1,1,1,1,1,1,1,1
4199240850,1,35,2,4,,,,,1,,,,3,4,,1,,7,4,,6ft 5,1.96,210,95.25,24.9,4,4,4,3,4,4,2,4,4,3,4,5
4199395610,1,25,2,4,,,,1,,,,,4,2,,1,,7,8,,"1,82m",1.82,80kg,80,24.15,1,5,5,5,5,5,5,7,7,1,1,1
4199500582,1,21,2,4,1,,,,,,,,3,5,,1,,5,4,,"6""""1'",1.85,210,95.25,27.71,4,4,4,4,3,4,4,3,4,3,4,3
4199959375,1,22,2,3,1,,,,,,,,2,0,European A,1,,7,1,,5 feet 6 inches,1.68,120 lbs.,54.43,19.37,3,4,4,3,3,4,2,3,4,3,3,5
4200122398,1,18,2,2,,,1,,,,,,2,4,,1,,7,3,,5ft 9in,1.75,240,108.86,35.44,2,4,1,2,1,1,1,1,1,1,1,6
4200465507,1,21,2,3,,,,1,,,,,4,6,,1,,7,7,,6ft 70'',2.01,80,36.29,9.01,2,2,2,2,2,3,2,2,2,2,3,2
4200480730,1,19,2,3,,,1,,,,,,6,4,,1,,7,12,,6',1.83,200,90.72,27.12,1,3,1,2,2,1,2,2,5,1,1,1
4200517074,1,18,2,3,1,,1,,,,,,7,5,,1,,7,5,,5 11,1.8,183,83.01,25.52,1,3,1,1,1,5,1,6,1,1,1,2
4200715164,1,19,2,3,1,,,,,,,,5,1,,1,,6,6,,5' 9'',1.75,147,66.68,21.71,1,2,1,1,4,6,2,7,3,2,1,3
4187221494,1,60,2,6,,,,1,,,,,2,4,,1,,7,12,,6'2,1.88,235,106.59,30.17,1,1,1,1,1,1,1,1,2,1,1,1
4187235900,1,38,2,2,1,,,,,,,,1,0,white,1,,7,3,,5ft 10in,1.78,170,77.11,24.39,1,1,1,1,1,1,1,1,1,1,1,1
4187247709,1,31,2,3,1,,,,,,,,1,1,,1,,7,1,,6'1,1.85,160,72.57,21.11,1,1,1,1,1,1,1,1,1,1,1,1
4187252511,1,56,2,3,,,,1,,,,,2,4,,1,,7,5,,6' 6'',1.98,200,90.72,23.11,1,1,1,1,1,1,1,1,1,1,1,1
4187261028,1,25,2,2,1,,,,,,,,1,0,White,1,,7,12,,5' 11,1.8,170,77.11,23.71,1,1,1,1,1,1,1,1,1,1,1,1
4187265994,1,62,2,4,,,,1,,,,,2,4,,1,,7,5,,5 feet 7 inches,1.7,188,85.28,29.44,1,1,1,1,1,1,1,1,1,1,1,1
4187280484,1,51,2,6,,,,1,,,,,5,5,,1,,7,12,,5'11,1.8,195,88.45,27.2,1,1,1,1,1,1,1,1,2,1,1,1
4187283145,1,19,2,3,1,,,,,,,,1,4,,1,,7,6,,6'5,1.96,186,84.37,22.06,2,2,2,2,2,2,2,2,2,2,2,2
4198444596,1,59,2,3,,,,,,,1,1,2,1,,1,,7,7,,"5""""5",1.65,165,74.84,27.46,1,4,1,1,1,1,1,1,1,1,1,1
4198495523,1,59,2,5,,,,1,,,,,3,1,,1,,7,5,,6' 0,1.83,198,89.81,26.85,1,1,1,1,1,1,1,1,1,1,1,1
4199014882,1,34,2,2,1,,,,,,,,4,5,,1,,6,10,,5'5,1.65,188,85.28,31.28,1,1,1,1,1,1,1,1,2,1,1,1
4199063250,1,26,2,2,1,,,,,,,,4,3,,1,,7,3,,5'8,1.73,190,86.18,28.89,1,1,1,1,1,1,1,1,1,1,1,1
4199455721,1,26,2,4,1,,,,,,,,1,4,,1,,7,2,,5'10,1.78,190,86.18,27.26,2,2,1,1,1,1,1,1,2,2,1,1
4200059357,1,29,2,6,,,1,,,,1,,6,2,,1,,7,9,,5'11'',1.8,145,65.77,20.22,1,1,1,1,1,1,1,1,1,1,1,1
